{
    "companyprofile": [
        {
            "companyname": "Shkun",
            "email": "Shkun@gmail.com",
            "password": "$2b$10$p4pKymbLQ/LuhAe5QuwdTej6/Oev8YezHZlwFGhVPg2sMI18uykiG",
            "type": "superadmin"
        },
        {
            "format": "d MMMM yyyy",
            "companyname": "ricky",
            "date": "2020-04-22",
            "date2": "2020-04-30",
            "password": "$2b$10$4mcUta26KPhJLw2pZMAoVOmteQN8MzhSVKJ.qkggEfSHKzr/53eGq",
            "landline": "ricky",
            "companytype": "Medicine",
            "mobileno": "ricky",
            "email": "ricky",
            "address": "ricky",
            "ownername": "ricky",
            "city": "ricky",
            "distt": "ricky",
            "state": "ricky",
            "pincode": "ricky",
            "pancard": "ricky",
            "tdscircle": "ricky",
            "tdsno": "ricky",
            "style": "ricky",
            "commodity": "ricky",
            "registrationno": "ricky",
            "division": "ricky",
            "collectorate": "ricky",
            "range": "ricky",
            "aadharudyog": "ricky",
            "cinno": "ricky`",
            "jobwork": "ricky",
            "gstno": "ricky",
            "gsttype": "v",
            "filedata": "",
            "type": "admin"
        },
        {
            "format": "d MMMM yyyy",
            "companyname": "nakul",
            "date": "2020-04-22",
            "date2": "2020-04-29",
            "password": "$2b$10$zfE7JCy4U2AGRpGD/N6kXeb4QRVEs70ktTXkWWsm21VpZAYEH30BS",
            "landline": "nakul",
            "companytype": "Agencies",
            "mobileno": "nakul",
            "email": "nakul",
            "address": "nakul",
            "ownername": "v",
            "city": "nakul",
            "distt": "nakul",
            "state": "nakul",
            "pincode": "vnakul",
            "pancard": "nakul",
            "tdscircle": "nakul",
            "tdsno": "nakul",
            "style": "nakul",
            "commodity": "nakul",
            "registrationno": "nakul",
            "division": "nakul",
            "collectorate": "nakul",
            "range": "nakul",
            "aadharudyog": "nakul",
            "cinno": "nakul",
            "jobwork": "nakul",
            "gstno": "nakul",
            "gsttype": "nakul",
            "filedata": "",
            "type": "admin"
        },
        {
            "format": "d MMMM yyyy",
            "companyname": "Ezmata@123",
            "date": "2020-04-14",
            "date2": "2020-04-30",
            "password": "$2b$10$4hGM/OOI7ilgZ3q2WC/7RevjG0TSAjRPAVc1SE3K5OOotLPX3zt.S",
            "landline": "6005535236",
            "companytype": "Agencies",
            "mobileno": "6005535236",
            "email": "ezmata@gmail.com",
            "address": "hno. 19 a sec e",
            "ownername": "Rajiv",
            "city": "Ludhiana",
            "distt": "Ludhiana",
            "state": "PUNJAB",
            "pincode": "180002",
            "pancard": "68489",
            "tdscircle": "hgfytf",
            "tdsno": "48689",
            "style": "fxfcgfg",
            "commodity": "dgrr",
            "registrationno": "dgrrt",
            "division": "fgtr",
            "collectorate": "dgtdq",
            "range": "htyfs",
            "aadharudyog": "drtd",
            "cinno": "cggfd",
            "jobwork": "drdt",
            "gstno": "gfgdrt",
            "gsttype": "fgcgg",
            "filedata": "",
            "type": "admin"
        },
        {
            "format": "d MMMM yyyy",
            "companyname": "Smvdu@123",
            "date": "2020-04-19",
            "date2": "2020-05-12",
            "password": "$2b$10$GOfl1d0v1.IXqwydRWCOcOgbAMw22LmzkVo9KHoFKFjhSvt9Ccvuq",
            "companytype": "Agencies",
            "mobileno": "473579458790",
            "email": "8979",
            "address": "669",
            "ownername": "89",
            "city": "7",
            "distt": "6798",
            "state": "7",
            "pincode": "98",
            "pancard": "giuu",
            "tdscircle": "yuiiuyyui",
            "tdsno": "yuiuiyiyui",
            "style": "iuyui",
            "commodity": "yuiu",
            "registrationno": "y",
            "division": "iuyui",
            "collectorate": "yui",
            "range": "iu",
            "aadharudyog": "yu",
            "cinno": "yui",
            "jobwork": "uiyui",
            "gstno": "hiuiu",
            "gsttype": "uyiiuy",
            "filedata": "",
            "type": "admin"
        }
    ],
    "userslist": [
        {
            "username": "Undertaker",
            "city": "Death Valley",
            "email": "Undertaker",
            "rolename": "Accountant",
            "password": "Undertaker",
            "companyname": "ricky",
            "type": "user"
        },
        {
            "username": "Shrrayan",
            "city": "JohnCena",
            "email": "JohnCena",
            "password": "JohnCena",
            "rolename": "Accountant",
            "companyname": "nakul",
            "type": "user"
        },
        {
            "username": "pablo",
            "city": "Jammu",
            "email": "pablo@123",
            "password": "pablo@123",
            "rolename": "hello brother",
            "companyname": "Ezmata@123",
            "type": "user"
        },
        {
            "username": "rahul@123",
            "city": "jammu",
            "email": "rahul@gmail.com",
            "password": "rahul@123",
            "rolename": "Manager",
            "companyname": "Smvdu@123",
            "type": "user"
        }
    ]
}