{"userRoles":[[{"roleuser":"Accountant","rolename":{"permission":[{"rolename":"Cash","roletype":{"Add":true,"modify":false,"delete":false}},{"rolename":"Journal","roletype":{"Add":false,"modify":true,"delete":false}},{"rolename":"Bank","roletype":{"Add":false,"modify":false,"delete":true}},{"rolename":"Sale","roletype":{"Add":true,"modify":false,"delete":false}},{"rolename":"Purchase","roletype":{"Add":false,"modify":true,"delete":false}},{"rolename":"Inventory","roletype":{"Add":false,"modify":false,"delete":true}},{"rolename":"TDS VCH","roletype":{"Add":true,"modify":false,"delete":false}},{"rolename":"Leadger A/C","roletype":{"Add":false,"modify":true,"delete":false}},{"rolename":"Stock Item","roletype":{"Add":false,"modify":false,"delete":true}}],"report":{"Cash_Book":true,"Day_Book":true,"Sale_Book":true,"Pur_Book":false,"Bank_Book":true,"Copy_of_AC":false,"Trial_Balance":true,"Balance_Sheet":false,"Bill_Printing":true,"Stock_Report":false,"Income_Tax_Reports":true,"Ledger":false,"Cash_Summary":false,"Sale_Pur_Summary":true,"Outstanding":false,"Intt_Statement":true,"GST_Return":false,"TCS_Reports":true,"TDS_Reports":false,"Trf_Accounts":false}}}],{"roleuser":"Accountant","rolename":{"permission":[{"rolename":"Cash","roletype":{"Add":true,"modify":false,"delete":false}},{"rolename":"Journal","roletype":{"Add":false,"modify":true,"delete":false}},{"rolename":"Bank","roletype":{"Add":false,"modify":false,"delete":true}},{"rolename":"Sale","roletype":{"Add":true,"modify":false,"delete":false}},{"rolename":"Purchase","roletype":{"Add":false,"modify":true,"delete":false}},{"rolename":"Inventory","roletype":{"Add":false,"modify":false,"delete":true}},{"rolename":"TDS VCH","roletype":{"Add":true,"modify":false,"delete":false}},{"rolename":"Leadger A/C","roletype":{"Add":false,"modify":true,"delete":false}},{"rolename":"Stock Item","roletype":{"Add":false,"modify":false,"delete":true}}],"report":{"Cash_Book":true,"Day_Book":true,"Sale_Book":true,"Pur_Book":false,"Bank_Book":true,"Copy_of_AC":false,"Trial_Balance":true,"Balance_Sheet":false,"Bill_Printing":true,"Stock_Report":false,"Income_Tax_Reports":true,"Ledger":false,"Cash_Summary":false,"Sale_Pur_Summary":true,"Outstanding":false,"Intt_Statement":true,"GST_Return":false,"TCS_Reports":true,"TDS_Reports":false,"Trf_Accounts":false}}},{"roleuser":"Accountant","rolename":{"permission":[{"rolename":"Cash","roletype":{"Add":true,"modify":false,"delete":false}},{"rolename":"Journal","roletype":{"Add":false,"modify":true,"delete":false}},{"rolename":"Bank","roletype":{"Add":false,"modify":false,"delete":true}},{"rolename":"Sale","roletype":{"Add":true,"modify":false,"delete":false}},{"rolename":"Purchase","roletype":{"Add":false,"modify":true,"delete":false}},{"rolename":"Inventory","roletype":{"Add":false,"modify":false,"delete":true}},{"rolename":"TDS VCH","roletype":{"Add":true,"modify":false,"delete":false}},{"rolename":"Leadger A/C","roletype":{"Add":false,"modify":true,"delete":false}},{"rolename":"Stock Item","roletype":{"Add":false,"modify":false,"delete":true}}],"report":{"Cash_Book":true,"Day_Book":true,"Sale_Book":true,"Pur_Book":false,"Bank_Book":true,"Copy_of_AC":false,"Trial_Balance":true,"Balance_Sheet":false,"Bill_Printing":true,"Stock_Report":false,"Income_Tax_Reports":true,"Ledger":false,"Cash_Summary":false,"Sale_Pur_Summary":true,"Outstanding":false,"Intt_Statement":true,"GST_Return":false,"TCS_Reports":true,"TDS_Reports":false,"Trf_Accounts":false}}},{"roleuser":"Accountant","rolename":{"permission":[{"rolename":"Cash","roletype":{"Add":true,"modify":false,"delete":false}},{"rolename":"Journal","roletype":{"Add":false,"modify":true,"delete":false}},{"rolename":"Bank","roletype":{"Add":false,"modify":false,"delete":true}},{"rolename":"Sale","roletype":{"Add":true,"modify":false,"delete":false}},{"rolename":"Purchase","roletype":{"Add":false,"modify":true,"delete":false}},{"rolename":"Inventory","roletype":{"Add":false,"modify":false,"delete":true}},{"rolename":"TDS VCH","roletype":{"Add":true,"modify":false,"delete":false}},{"rolename":"Leadger A/C","roletype":{"Add":false,"modify":true,"delete":false}},{"rolename":"Stock Item","roletype":{"Add":false,"modify":false,"delete":true}}],"report":{"Cash_Book":true,"Day_Book":true,"Sale_Book":true,"Pur_Book":false,"Bank_Book":true,"Copy_of_AC":false,"Trial_Balance":true,"Balance_Sheet":false,"Bill_Printing":true,"Stock_Report":false,"Income_Tax_Reports":true,"Ledger":false,"Cash_Summary":false,"Sale_Pur_Summary":true,"Outstanding":false,"Intt_Statement":true,"GST_Return":false,"TCS_Reports":true,"TDS_Reports":false,"Trf_Accounts":false}}},{"roleuser":"Accountant","rolename":{"permission":[{"rolename":"Cash","roletype":{"Add":true,"modify":false,"delete":false}},{"rolename":"Journal","roletype":{"Add":false,"modify":true,"delete":false}},{"rolename":"Bank","roletype":{"Add":false,"modify":false,"delete":true}},{"rolename":"Sale","roletype":{"Add":true,"modify":false,"delete":false}},{"rolename":"Purchase","roletype":{"Add":false,"modify":true,"delete":false}},{"rolename":"Inventory","roletype":{"Add":false,"modify":false,"delete":true}},{"rolename":"TDS VCH","roletype":{"Add":true,"modify":false,"delete":false}},{"rolename":"Leadger A/C","roletype":{"Add":false,"modify":true,"delete":false}},{"rolename":"Stock Item","roletype":{"Add":false,"modify":false,"delete":true}}],"report":{"Cash_Book":true,"Day_Book":true,"Sale_Book":true,"Pur_Book":false,"Bank_Book":true,"Copy_of_AC":false,"Trial_Balance":true,"Balance_Sheet":false,"Bill_Printing":true,"Stock_Report":false,"Income_Tax_Reports":true,"Ledger":false,"Cash_Summary":false,"Sale_Pur_Summary":true,"Outstanding":false,"Intt_Statement":true,"GST_Return":false,"TCS_Reports":true,"TDS_Reports":false,"Trf_Accounts":false}}},{"roleuser":"Accountant","rolename":{"permission":[{"rolename":"Cash","roletype":{"Add":true,"modify":false,"delete":false}},{"rolename":"Journal","roletype":{"Add":false,"modify":true,"delete":false}},{"rolename":"Bank","roletype":{"Add":false,"modify":false,"delete":true}},{"rolename":"Sale","roletype":{"Add":true,"modify":false,"delete":false}},{"rolename":"Purchase","roletype":{"Add":false,"modify":true,"delete":false}},{"rolename":"Inventory","roletype":{"Add":false,"modify":false,"delete":true}},{"rolename":"TDS VCH","roletype":{"Add":true,"modify":false,"delete":false}},{"rolename":"Leadger A/C","roletype":{"Add":false,"modify":true,"delete":false}},{"rolename":"Stock Item","roletype":{"Add":false,"modify":false,"delete":true}}],"report":{"Cash_Book":true,"Day_Book":true,"Sale_Book":true,"Pur_Book":false,"Bank_Book":true,"Copy_of_AC":false,"Trial_Balance":true,"Balance_Sheet":false,"Bill_Printing":true,"Stock_Report":false,"Income_Tax_Reports":true,"Ledger":false,"Cash_Summary":false,"Sale_Pur_Summary":true,"Outstanding":false,"Intt_Statement":true,"GST_Return":false,"TCS_Reports":true,"TDS_Reports":false,"Trf_Accounts":false}}},{"roleuser":"Accountant","rolename":{"permission":[{"rolename":"Cash","roletype":{"Add":true,"modify":false,"delete":false}},{"rolename":"Journal","roletype":{"Add":false,"modify":true,"delete":false}},{"rolename":"Bank","roletype":{"Add":false,"modify":false,"delete":true}},{"rolename":"Sale","roletype":{"Add":true,"modify":false,"delete":false}},{"rolename":"Purchase","roletype":{"Add":false,"modify":true,"delete":false}},{"rolename":"Inventory","roletype":{"Add":false,"modify":false,"delete":true}},{"rolename":"TDS VCH","roletype":{"Add":true,"modify":false,"delete":false}},{"rolename":"Leadger A/C","roletype":{"Add":false,"modify":true,"delete":false}},{"rolename":"Stock Item","roletype":{"Add":false,"modify":false,"delete":true}}],"report":{"Cash_Book":true,"Day_Book":true,"Sale_Book":true,"Pur_Book":false,"Bank_Book":true,"Copy_of_AC":false,"Trial_Balance":true,"Balance_Sheet":false,"Bill_Printing":true,"Stock_Report":false,"Income_Tax_Reports":true,"Ledger":false,"Cash_Summary":false,"Sale_Pur_Summary":true,"Outstanding":false,"Intt_Statement":true,"GST_Return":false,"TCS_Reports":true,"TDS_Reports":false,"Trf_Accounts":false}}}]}