{"companyprofile":[{"format":"d MMMM yyyy","companyname":"nakul","date":"2020-04-22","date2":"2020-04-29","password":"$2b$10$zfE7JCy4U2AGRpGD/N6kXeb4QRVEs70ktTXkWWsm21VpZAYEH30BS","landline":"nakul","companytype":"Agencies","mobileno":"nakul","email":"nakul","address":"nakul","ownername":"v","city":"nakul","distt":"nakul","state":"nakul","pincode":"vnakul","pancard":"nakul","tdscircle":"nakul","tdsno":"nakul","style":"nakul","commodity":"nakul","registrationno":"nakul","division":"nakul","collectorate":"nakul","range":"nakul","aadharudyog":"nakul","cinno":"nakul","jobwork":"nakul","gstno":"nakul","gsttype":"nakul","filedata":""}],"userslist":[]}