{
    "userRoles": [
        {
            "roleuser": "Accountant",
            "rolename": {
                "permission": [
                    {
                        "rolename": "Cash",
                        "roletype": {
                            "Add": true,
                            "modify": false,
                            "delete": false
                        }
                    },
                    {
                        "rolename": "Journal",
                        "roletype": {
                            "Add": false,
                            "modify": true,
                            "delete": false
                        }
                    },
                    {
                        "rolename": "Bank",
                        "roletype": {
                            "Add": false,
                            "modify": false,
                            "delete": true
                        }
                    },
                    {
                        "rolename": "Sale",
                        "roletype": {
                            "Add": false,
                            "modify": false,
                            "delete": true
                        }
                    },
                    {
                        "rolename": "Purchase",
                        "roletype": {
                            "Add": false,
                            "modify": true,
                            "delete": false
                        }
                    },
                    {
                        "rolename": "Inventory",
                        "roletype": {
                            "Add": false,
                            "modify": true,
                            "delete": false
                        }
                    },
                    {
                        "rolename": "TDS VCH",
                        "roletype": {
                            "Add": false,
                            "modify": false,
                            "delete": true
                        }
                    },
                    {
                        "rolename": "Leadger A/C",
                        "roletype": {
                            "Add": false,
                            "modify": false,
                            "delete": true
                        }
                    },
                    {
                        "rolename": "Stock Item",
                        "roletype": {
                            "Add": false,
                            "modify": true,
                            "delete": false
                        }
                    }
                ],
                "report": {
                    "Cash_Book": false,
                    "Day_Book": false,
                    "Sale_Book": false,
                    "Pur_Book": false,
                    "Bank_Book": true,
                    "Copy_of_AC": false,
                    "Trial_Balance": true,
                    "Balance_Sheet": false,
                    "Bill_Printing": false,
                    "Stock_Report": false,
                    "Income_Tax_Reports": false,
                    "Ledger": false,
                    "Cash_Summary": false,
                    "Sale_Pur_Summary": false,
                    "Outstanding": false,
                    "Intt_Statement": false,
                    "GST_Return": false,
                    "TCS_Reports": false,
                    "TDS_Reports": false,
                    "Trf_Accounts": false
                }
            }
        }
    ]
}