{"companyprofile":[{"companyname":"teckdr","date":"2020-03-31","date2":"2020-03-30","password":"satyam","confirm_password":"satyam","landline":"7845785986","companytype":"Agencies","mobileno":"7845875986","email":"teckdr","address":"pune ","ownername":"sumit","city":"pune","distt":"hitmin","state":"up","pincode":"7845986","pancard":"cb54545","tdscircle":"545453","tdsno":"5454534","style":"","commodity":"hello","registrationno":"78754547","division":"A","collectorate":"787454","range":"7845","aadharudyog":"7879878797988","cinno":"BVHJVG","jobwork":"7878","filedata":""}]}