{"companyprofile":[{"companyname":"Bajaj","date":"2020-03-29","date2":"2020-04-14","password":"ttt","confirm_password":"ttt","landline":"89709-","companytype":"Shaller","mobileno":"896897","email":"7858678","address":"6","ownername":"987","city":"98","distt":"676","state":"98","pincode":"769","pancard":"ukhoiu897","tdscircle":"dfhgykg","tdsno":"9tygjhfg","style":"hkfy","commodity":"fgjgh","registrationno":"jvh","division":"fj","collectorate":"j","range":"j","aadharudyog":"hvg","cinno":"g","jobwork":"jv","gstno":"gv","gsttype":"hv","filedata":""}]}