{"companyprofile":[{"format":"d MMMM yyyy","companyname":"Smvdu@123","date":"2020-04-19","date2":"2020-05-12","password":"$2b$10$GOfl1d0v1.IXqwydRWCOcOgbAMw22LmzkVo9KHoFKFjhSvt9Ccvuq","companytype":"Agencies","mobileno":"473579458790","email":"8979","address":"669","ownername":"89","city":"7","distt":"6798","state":"7","pincode":"98","pancard":"giuu","tdscircle":"yuiiuyyui","tdsno":"yuiuiyiyui","style":"iuyui","commodity":"yuiu","registrationno":"y","division":"iuyui","collectorate":"yui","range":"iu","aadharudyog":"yu","cinno":"yui","jobwork":"uiyui","gstno":"hiuiu","gsttype":"uyiiuy","filedata":"","type":"admin"}],"userslist":[]}