{"userRoles":[{"roleuser":"Manager","rolename":{"permission":[{"rolename":"Cash","roletype":{"Add":true,"modify":true,"delete":false}},{"rolename":"Journal","roletype":{"Add":true,"modify":true,"delete":false}},{"rolename":"Bank","roletype":{"Add":true,"modify":true,"delete":false}},{"rolename":"Sale","roletype":{"Add":true,"modify":true,"delete":false}},{"rolename":"Purchase","roletype":{"Add":true,"modify":true,"delete":false}},{"rolename":"Inventory","roletype":{"Add":true,"modify":true,"delete":false}},{"rolename":"TDS VCH","roletype":{"Add":true,"modify":true,"delete":false}},{"rolename":"Leadger A/C","roletype":{"Add":true,"modify":true,"delete":false}},{"rolename":"Stock Item","roletype":{"Add":true,"modify":true,"delete":false}}],"report":{"Cash_Book":true,"Day_Book":false,"Sale_Book":true,"Pur_Book":false,"Bank_Book":true,"Copy_of_AC":false,"Trial_Balance":false,"Balance_Sheet":false,"Bill_Printing":false,"Stock_Report":false,"Income_Tax_Reports":false,"Ledger":false,"Cash_Summary":false,"Sale_Pur_Summary":false,"Outstanding":false,"Intt_Statement":false,"GST_Return":false,"TCS_Reports":false,"TDS_Reports":false,"Trf_Accounts":false}}}]}