{"companyprofile":[{"format":"d MMMM yyyy","companyname":"rishi","date":"2020-03-30","date2":"2020-06-25","password":"qwerty","confirm_password":"qwerty","landline":"784548894","companytype":"Feed Factory","mobileno":"7878798987","email":"rishi@gmail.com","address":"chndi","ownername":"rishi","city":"chandi","distt":"etyu","state":"mp","pincode":"7878","pancard":"ghfjgjh","tdscircle":"gjh","tdsno":"gjh","style":"ghj","commodity":"gjhg","registrationno":"hjg","division":"jh","collectorate":"ghj","range":"g","aadharudyog":"jhg","cinno":"jhg","jobwork":"jhg","gstno":"jh","gsttype":"gh","filedata":""}]}