{"companyprofile":[{"companyname":"Jam","date":"2020-03-28","date2":"2020-03-31","password":"eee","confirm_password":"eee","landline":"574","companytype":"Karyana","mobileno":"4645754","email":"4636","address":"436","ownername":"346","city":"346","distt":"346","state":"fgjgh","pincode":"6434646","pancard":"ghj","tdscircle":"fgj","tdsno":"gfj","style":"fgj","commodity":"gfjj","registrationno":"gfjfjg","division":"fgjgfjfgj","collectorate":"fgjgfjgfj","range":"jgfgjgf","aadharudyog":"jggfj","cinno":"fgjjgfj","jobwork":"jfjgfg","gstno":"jgjfg","gsttype":"jgfjg","filedata":""}]}