{"companyprofile":[{"companyname":"OneMG","date":"2020-03-28","date2":"2020-04-08","password":"asdf","confirm_password":"asdf","landline":"8709","companytype":"Agencies","mobileno":"878980-","email":"goelshrrayan123@gmail.com","address":"709897890","ownername":"70898908","city":"0970898","distt":"07908","state":"9078","pincode":"90890790","pancard":"fuy657867","tdscircle":"86799","tdsno":"t67987ygui","style":"yuy8","commodity":"67","registrationno":"r868ty","division":"87t87yt","collectorate":"t7867tt","range":"768t","aadharudyog":"87t","cinno":"tg87","jobwork":"t7t87","gstno":"768ghgiu","gsttype":"y9798","filedata":""}]}