{
    "annexures": [
        {
            "name": "AAAAA",
            "code": "aAAA",
            "details": "N",
            "debit": "D",
            "description": "ndkjNJK",
            "drcr": "KJNKJ",
            "annx": "NJK",
            "group": "balancesheet",
            "index": 0
        },
        {
            
            "name": "BBBB",
            "code": "BBBB",
            "details": "B",
            "debit": "C",
            "description": "BBBB",
            "drcr": "BBBB",
            "annx": "BBBB",
            "group": "trading/mfgaccount",
            "index": 1
        }
    ]
}