{
    "data": [
        {
            "2020-05-15": [
                {
                    "voucherno": "1",
                    "tableData": [
                        {
                            "accountname": "df",
                            "payment": "4201",
                            "receipt": "45",
                            "discount": "4554",
                            "total": "54",
                            "bnkchq": "5454",
                            "chqno": "54",
                            "remarks": "4545"
                        }
                    ],
                    "data": {
                        "bname": "",
                        "totalcount": 0,
                        "paymentTotal": 4201,
                        "receitTotal": 45,
                        "discountTotal": 4554
                    }
                }
            ]
        },
        {
            "2020-05-16": [
                {
                    "voucherno": "1",
                    "tableData": [
                        {
                            "accountname": "l",
                            "payment": "45",
                            "receipt": "46",
                            "discount": "45",
                            "total": "5665",
                            "bnkchq": "465",
                            "chqno": "6545",
                            "remarks": "6"
                        }
                    ],
                    "data": {
                        "bname": "hdfc",
                        "totalcount": 0,
                        "paymentTotal": 45,
                        "receitTotal": 46,
                        "discountTotal": 45
                    }
                }
            ]
        },
        {
            "2020-05-17": [
                {
                    "voucherno": "1",
                    "tableData": [
                        {
                            "accountname": "p",
                            "payment": "620",
                            "receipt": "2",
                            "discount": "2",
                            "total": "2",
                            "bnkchq": "2",
                            "chqno": "2",
                            "remarks": "2"
                        }
                    ],
                    "data": {
                        "bname": "sbi",
                        "totalcount": 0,
                        "paymentTotal": 620,
                        "receitTotal": 2,
                        "discountTotal": 2
                    }
                }
            ]
        }
    ]
}