{"data":[{"2020-05-14":[{"voucherno":"1","tableData":[{"accountno":"","cityname":"","narration":"AHAJ265032A","receiptno":"65875","payment":"876586","receipt":"586","discount":"588"}],"data":{"bankname1":"giuug","bankname2":"58585","paymentTotal":876586,"receitTotal":586,"discountTotal":588}},{"voucherno":"2","tableData":[{"accountno":"","cityname":"7","narration":"AHAJ265032A","receiptno":"233","payment":"343432","receipt":"432432","discount":"32434","accountname":"sd"}],"data":{"bankname1":"adfds","bankname2":"ggu","paymentTotal":343432,"discountTotal":32434}}]},{"2020-05-15":[{"voucherno":"1","tableData":[{"accountno":"","cityname":"saddsdw","narration":"iuy","receiptno":"758","payment":"587","receipt":"58","discount":"75","accountname":"l"}],"data":{"bankname1":"igdouu","bankname2":"g","paymentTotal":587,"discountTotal":75}},{"voucherno":"2","tableData":[{"accountno":"","cityname":"sd11111111111111111111","narration":null,"receiptno":"4","payment":"6545","receipt":"","discount":"4","accountname":"k"}],"data":{"bankname1":"fefe","bankname2":"ji","paymentTotal":"1234567890.12","receitTotal":"4488888","discountTotal":"4454455454455"}}]}]}