{
    "companyprofile": [
        {
            "format": "d MMMM yyyy",
            "companyname": "Ezmata@123",
            "date": "2020-04-14",
            "date2": "2020-04-30",
            "password": "$2b$10$4hGM/OOI7ilgZ3q2WC/7RevjG0TSAjRPAVc1SE3K5OOotLPX3zt.S",
            "landline": "6005535236",
            "companytype": "Agencies",
            "mobileno": "6005535236",
            "email": "ezmata@gmail.com",
            "address": "hno. 19 a sec e",
            "ownername": "Rajiv",
            "city": "Ludhiana",
            "distt": "Ludhiana",
            "state": "PUNJAB",
            "pincode": "180002",
            "pancard": "68489",
            "tdscircle": "hgfytf",
            "tdsno": "48689",
            "style": "fxfcgfg",
            "commodity": "dgrr",
            "registrationno": "dgrrt",
            "division": "fgtr",
            "collectorate": "dgtdq",
            "range": "htyfs",
            "aadharudyog": "drtd",
            "cinno": "cggfd",
            "jobwork": "drdt",
            "gstno": "gfgdrt",
            "gsttype": "fgcgg",
            "filedata": ""
        }
    ],
    "userslist": []
}