{"data":{"companyinfo":{"unitType":"manufacturing","backupOnExit":"askbackupno","advancedReportBuilder":"true","networking":false,"applyDongal":"true","showShortButtons":"true","companyname":"1","address":"3","city":"5","ownername":"7","distt":"9","state":"11","pincode":"13","phoneoffice":"14","phoneresidence":"16","pan":"18","tdsAcNo":"19","tdsCircle":"21","gstintype":"20","style":"23","commodity":"25","actYearForm":"27","actYearUpto":"28","weightDecimals":"29","emailAddress":"30","qtyApplicable":"31","registrationNo":"2","division":"4","collectorate":"6","range":"8","aadharUdyog":"10","cinNo":"12","jobWork":"15","gstNo":"17","esiNo":"22","currentFolder":"24","nextYear":"26"}}}