{"data":[{"2020-05-10":[{"voucherno":"1","formdata":{"date":"2020-05-10","voucherno":"1","effectonledger":"Yes","debit":"qwe","credit":"asdas","details":"asdasd","qty":"asdasd","value":"asdasdsa","rate":"asdasdasd"}},{"voucherno":"2","formdata":{"date":"2020-05-10","voucherno":2,"effectonledger":"Yes","debit":"asdas","credit":"asdasd","details":"asdasdas","qty":"dsadas","value":"sadasdasd","rate":"dasdsad"}}]},{"2020-05-11":[{"voucherno":"1","formdata":{"date":"2020-05-11","voucherno":"1","effectonledger":"Yes","debit":"fsdfsdf","credit":"fsdfsdf","details":"Details dfjnfheuewgyfergfewyfuyg yg yfuweyfweyfweygf gyyew gywe ygew","qty":"asdasd","value":"sadasdsa","rate":"dsadsad"}}]}]}