{"data":[{"2020-04-01":[{"voucherno":"1","formdata":{"date":"2020-04-01","voucherno":"1","debit":"2","credit":"4","details":"3","qty":"5","value":"6","rate":"5"}},{"voucherno":"2","formdata":{"date":"2020-04-01","voucherno":2,"effectonledger":"Yes","debit":"dfsf","credit":"dsfdsf","details":"dsfsd","qty":"df","value":"fq","rate":"df"}}]},{"2020-05-01":[{"voucherno":"1","formdata":{"date":"2020-05-01","voucherno":"1","effectonledger":"No","debit":"t","credit":"dfdsf","details":"dl;fgkop","qty":"fdg","value":"kop","rate":"kp"}}]},{"2020-05-08":[{"voucherno":"1","formdata":{"date":"2020-05-08","voucherno":1,"effectonledger":0,"debit":"s","credit":"aaa","details":"aaa","qty":"aaa","value":"aaa","rate":"aaa"}}]},{"2020-05-10":[{"voucherno":"1","formdata":{"date":"2020-05-10","voucherno":"1","effectonledger":"Yes","debit":"gyueti","credit":"gyueti","details":"Details dfjnfheuewgyfergfewyfuyg yg yfuweyfweyfweygf gyyew gywe yge","qty":"dsf","value":"dsf","rate":"dsf"}}]}]}