{"data":[{"2020-05-16":[{"voucherno":"1","tableData":[{"testreporta_heatno":"sd","testreporta_specified":"dfiji","testreporta_cp":"45","testreporta_mnp":"48","testreporta_sip":"","testreporta_sp":"7","testreporta_pp":"877","testreporta_ts":"88","testreporta_ye":"78","testreporta_eip":"","testreporta_bend":"98","testreporta_camb":"798","testreporta_width":"78","sip":"78","eip":"89"}],"data":{"testreporta_billno":"4545","testreporta_customer":"jhui","testreporta_city":"hu","testreporta_material":"uh","testreporta_grade":"i","testreporta_spec":"hiu","testreporta_section":"i","testreporta_pcs":"hui","testreporta_weight":"iuh","testreporta_pono":"huh","testreporta_date2":"2020-08-07","testreporta_tsn":"dfsbh","testreporta_ysn":"yyuyg","testreporta_elong":"yg","testreporta_dnessrolled":"y","testreporta_sdt":"uy","testreporta_surface":"sf","testreporta_inclusionrating1":"yguy","testreporta_inclusionrating2":"g","testreporta_inclusionrating3":"yu","testreporta_inclusionrating4":"gy","testreporta_grainastm":"yu","testreporta_processroute":"gyu","testreporta_isastm":"y","testreporta_colorcode":"gy","testreporta_remarks":"u"}},{"voucherno":"2","tableData":[{"testreporta_heatno":"p","testreporta_specified":"p","testreporta_cp":"45","testreporta_mnp":"45","testreporta_sip":"","testreporta_sp":"54","testreporta_pp":"54","testreporta_ts":"54","testreporta_ye":"54","testreporta_eip":"","testreporta_bend":"45","testreporta_camb":"54","testreporta_width":"5","sip":"45","eip":"54"}],"data":{"testreporta_billno":"pppppp","testreporta_customer":"p","testreporta_city":"p","testreporta_material":"pp","testreporta_grade":"p","testreporta_spec":"p","testreporta_section":"","testreporta_pcs":"pp","testreporta_weight":"p","testreporta_pono":"","testreporta_date2":"","testreporta_tsn":"","testreporta_ysn":"","testreporta_elong":"","testreporta_dnessrolled":"","testreporta_sdt":"","testreporta_surface":"","testreporta_inclusionrating1":"","testreporta_inclusionrating2":"","testreporta_inclusionrating3":"","testreporta_inclusionrating4":"","testreporta_grainastm":"","testreporta_processroute":"","testreporta_isastm":"","testreporta_colorcode":"","testreporta_remarks":""}}]},{"2020-05-17":[{"voucherno":"1","tableData":[{"testreporta_heatno":"89","testreporta_specified":"098","testreporta_cp":"808","testreporta_mnp":"90","testreporta_sip":"","testreporta_sp":"0890","testreporta_pp":"8","testreporta_ts":"90","testreporta_ye":"89","testreporta_eip":"","testreporta_bend":"90","testreporta_camb":"089","testreporta_width":"09","sip":"89","eip":"908"}],"data":{"testreporta_billno":"9089","testreporta_customer":"98","testreporta_city":"9","testreporta_material":"908","testreporta_grade":"09","testreporta_spec":"908","testreporta_section":"9089","testreporta_pcs":"98","testreporta_weight":"90","testreporta_pono":"8","testreporta_date2":"","testreporta_tsn":"","testreporta_ysn":"","testreporta_elong":"","testreporta_dnessrolled":"","testreporta_sdt":"","testreporta_surface":"","testreporta_inclusionrating1":"","testreporta_inclusionrating2":"","testreporta_inclusionrating3":"","testreporta_inclusionrating4":"","testreporta_grainastm":"","testreporta_processroute":"","testreporta_isastm":"","testreporta_colorcode":"","testreporta_remarks":""}}]}]}