{"data":[{"2020-05-08":[{"voucherno":"1","tableData":[{"journal_accountname":"gy","journal_narration":"hmvjhvjhv","journal_debit":"560","journal_credit":"0"}]}]},{"2020-05-17":[{"voucherno":"1","tableData":[{"journal_accountname":"er","accountno":"","journal_narration":"gvg","payment":"","journal_credit":"","discount":"","journal_debit":"77"}]}]},{"2020-05-22":[{"voucherno":"1","tableData":[{"journal_accountname":"lk","journal_narration":"lkjh","journal_debit":"45","journal_credit":"45"},{"journal_accountname":"er","journal_narration":"ere","journal_debit":"7","journal_credit":"7"}]}]}]}