{"setupdata":{"ch_accode":true,"ch_acname":true,"ch_address":true,"ch_city":true,"ch_pincode":true,"ch_distt":true,"ch_gstno":true,"ch_state":true,"ch_distance":true,"ch_openingbaldr":true,"ch_openingbalcr":true,"ch_contactno":true,"ch_email":true,"ch_area":true,"ch_agent":true,"ch_pan":false,"ch_tdsacno":true,"ch_works":true,"ch_nameandaddress":true,"ch_bankacname":true,"ch_bankacno":true,"ch_ifsccode":true,"ch_division":true,"ch_collectorate":true,"ch_saccode":true,"ch_contactperson":true,"ch_inttdepcrate":true,"ch_tdsrate":true,"ch_tgstshare":true,"ch_quantity":true,"ch_aadhaarno":true,"ch_composition":true,"lt_accode":"A/c Code","lt_acname":"A/c Name","lt_address":"Address","lt_city":"City","lt_pincode":"PinCode","lt_distt":"Distt","lt_gstno":"GST No.","lt_state":"State","lt_distance":"Distance","lt_openingbaldr":"Opening Balance Dr","lt_openingbalcr":"Opening Balance Cr","lt_contactno":"Contact No.","lt_email":"M.Email ID","lt_area":"Area","lt_agent":"Agent / Group","lt_pan":"PAN","lt_tdsacno":"TDS A/c No.","lt_works":"Works","lt_nameandaddress":"Name & Address","lt_bankacname":"Bank AC Name","lt_bankacno":"Bank AC/No.","lt_ifsccode":"IFSC Code","lt_division":"Division","lt_collectorate":"Collectorate","lt_saccode":"SAC Code","lt_contactperson":"Contact Person","lt_inttdepcrate":"Intt/Depc.Rate","lt_tdsrate":"TDS Rate","lt_tgstshare":"TGST / Share%","lt_quantity":"Quantity","lt_aadhaarno":"Aadhaar No.","lt_composition":"Composition Y/N","dv_accode":"","dv_acname":"","dv_address":"","dv_city":"","dv_pincode":"","dv_distt":"","dv_gstno":"","dv_state":"","dv_distance":"","dv_openingbaldr":"0","dv_openingbalcr":"0","dv_contactno":"","dv_email":"","dv_area":"","dv_agent":"","dv_pan":"","dv_tdsacno":"","dv_works":"","dv_nameandaddress":"","dv_bankacname":"JKBank","dv_bankacno":"","dv_ifsccode":"","dv_division":"","dv_collectorate":"","dv_saccode":"","dv_contactperson":"","dv_inttdepcrate":"","dv_tdsrate":"","dv_tgstshare":"","dv_quantity":"","dv_aadhaarno":"","dv_composition":""}}