{"data":[{"2020-05-16":[{"voucherno":"1","formdata":{"date":"2020-05-16","voucherno":1,"time":"fuyt","sales":"fyf","product":"yttf","details":"ity","qty":"fiy","value":"fy","rate":"y"}},{"voucherno":"2","formdata":{"date":"2020-05-16","voucherno":2,"time":"yr","sales":"r","product":"iff","details":"yf","qty":"ut","value":"uf","rate":"uft"}}]},{"2020-05-17":[{"voucherno":"1","formdata":{"date":"2020-05-17","voucherno":1,"time":"gytd","sales":"uf","product":"uduy","details":"duy","qty":"tduv","value":"dvuy","rate":"duy"}}]}]}