{"narrations":[{"cashnarration":[{"name":"next nar"},{"name":"here"},{"name":"here 2"},{"name":"here 3"},{"name":"here 4"},{"name":"here5"}]},{"area":[{"name":"JammuArea"},{"name":"bjjhijuj"},{"name":"kkk2"}]},{"email":[{"name":"ganil2930@gmail.com"},{"name":"ezmata@gmail.comsds"}]},{"group":[{"name":"GroupA"}]},{"custname":[{"name":"Rahul"}]},{"description":[{"name":"desc1"},{"name":"desc2"},{"name":" desc3"}]},{"supplier":[{"name":"Supplier1"}]},{"details":[{"name":"Details dfjnfheuewgyfergfewyfuyg yg yfuweyfweyfweygf gyyew gywe ygew"}]},{"gstno":[{"name":"mdsfdifo"}]},{"Distt":[{"name":"pathankot"},{"name":" doda/kishtwar"}]},{"AcName":[{"name":" NewName"},{"name":"new name 23"},{"name":"nnn4"},{"name":"nn4"}]},{"City":[{"name":" hghj"},{"name":"jdfji"},{"name":"jammu"}]},{"Works":[{"name":"Transporter"},{"name":"transporter2"},{"name":" transporter3"}]}]}