{"data":[{"2020-05-14":[{"voucherno":"1","tableData":[{"stock":"pants","narration":"KlOHA2032A","issue":"31434","receipt":"57647"}],"data":{"unitno":"1","dropdown1":"autoselectiononebyone"}},{"voucherno":"2","tableData":[{"stock":"shirts","narration":"PLAHA2032A","issue":"12122","receipt":"455642"}],"data":{"unitno":"2","dropdown1":"autoselectiononebyone"}},{"voucherno":"3","tableData":[{"stock":"booties","narration":"AHAJ265032A","issue":"78547","receipt":"135353"}],"data":{"unitno":"3","dropdown1":"manuallyselection"}}]},{"2020-05-15":[{"voucherno":"1","tableData":[{"stock":"Poops","narration":"adasdede","issue":"124","receipt":"57"}],"data":{"unitno":"1","dropdown1":"autoselectiononebyone"}},{"voucherno":"2","tableData":[{"stock":"farts","narration":"LJAIOAH682A","issue":"6765","receipt":"67"}],"data":{"unitno":"2","dropdown1":"autoselectiononebyone"}},{"voucherno":"3","tableData":[{"stock":"balls","narration":"HNISDHS784","issue":"","receipt":"20"}],"data":{"unitno":"3","dropdown1":"manuallyselection"}}]}]}