{"purchaseseriesdata":[{"index":0,"Ahead":"purchase","Form_type":"n2","Led_post":"","Vat_post":"","Ex_post":"","Serial":"","Short_name":"","Stk_post":"","Form_rtype":"","Rep_name":"","Bill_no_h":"","Salef3":"","Tick":"","Vacode":"","Rep_gst":"","cont":false,"data":{"data":[{"vacode":false,"dv_order":0,"labeltext":"vacode","width":0},{"vdate":false,"dv_order":1,"labeltext":"vdate","width":0},{"vcode":false,"dv_order":2,"labeltext":"vcode","width":"500"},{"stkcode":true,"dv_order":3,"labeltext":"stkcode","width":"200"},{"sdisc":true,"dv_order":4,"labeltext":"sdisc","width":"200"},{"vdesc":false,"dv_order":5,"labeltext":"vdesc","width":0},{"stype":false,"dv_order":6,"labeltext":"stype","width":0},{"freight":false,"dv_order":7,"labeltext":"freight","width":0},{"pkgs":true,"dv_order":8,"labeltext":"pkgs","width":"200"},{"weight":true,"dv_order":9,"labeltext":"weight","width":"200"},{"tax":false,"dv_order":10,"labeltext":"tax","width":0},{"rate":true,"dv_order":11,"labeltext":"rate","width":"200"},{"etype":false,"dv_order":12,"labeltext":"etype","width":0},{"exfor":false,"dv_order":13,"labeltext":"exfor","width":0},{"vamt":true,"dv_order":14,"labeltext":"vamt","width":"200"},{"others":true,"dv_order":15,"labeltext":"others","width":"200"},{"balance":false,"dv_order":16,"labeltext":"balance","width":0},{"conv":false,"dv_order":17,"labeltext":"conv","width":0},{"plarg":false,"dv_order":18,"labeltext":"plarg","width":0},{"entno":false,"dv_order":19,"labeltext":"entno","width":0},{"pb_wt":false,"dv_order":20,"labeltext":"pb_wt","width":0},{"freight1":false,"dv_order":21,"labeltext":"freight1","width":0},{"weighing":false,"dv_order":22,"labeltext":"weighing","width":0},{"pla":false,"dv_order":23,"labeltext":"pla","width":0},{"tds_frt":false,"dv_order":24,"labeltext":"tds_frt","width":0},{"tdsrate":false,"dv_order":25,"labeltext":"tdsrate","width":0},{"cess":false,"dv_order":26,"labeltext":"cess","width":0},{"vbillno1":false,"dv_order":27,"labeltext":"vbillno1","width":0},{"vbdate1":false,"dv_order":28,"labeltext":"vbdate1","width":0},{"vamt1":false,"dv_order":29,"labeltext":"vamt1","width":0},{"duedate":false,"dv_order":30,"labeltext":"duedate","width":0},{"cl_date":false,"dv_order":31,"labeltext":"cl_date","width":0},{"vacode1":false,"dv_order":32,"labeltext":"vacode1","width":0},{"hcess":false,"dv_order":33,"labeltext":"hcess","width":0},{"trpt":false,"dv_order":34,"labeltext":"trpt","width":0},{"weight_ch":false,"dv_order":35,"labeltext":"weight_ch","width":0},{"vamt_ch":false,"dv_order":36,"labeltext":"vamt_ch","width":0},{"vdate_ch":false,"dv_order":37,"labeltext":"vdate_ch","width":0},{"vhead":false,"dv_order":38,"labeltext":"vhead","width":0},{"credit":false,"dv_order":39,"labeltext":"credit","width":0},{"pcess":false,"dv_order":40,"labeltext":"pcess","width":0},{"tcs_cess":false,"dv_order":41,"labeltext":"tcs_cess","width":0},{"tcs_hcess":false,"dv_order":42,"labeltext":"tcs_hcess","width":0},{"exp1":false,"dv_order":43,"labeltext":"exp1","width":0},{"exp2":false,"dv_order":44,"labeltext":"exp2","width":0},{"exp3":false,"dv_order":45,"labeltext":"exp3","width":0},{"exp4":false,"dv_order":46,"labeltext":"exp4","width":0},{"exp5":false,"dv_order":47,"labeltext":"exp5","width":0},{"exp6":false,"dv_order":48,"labeltext":"exp6","width":0},{"exp7":false,"dv_order":49,"labeltext":"exp7","width":0},{"exp8":false,"dv_order":50,"labeltext":"exp8","width":0},{"exp9":false,"dv_order":51,"labeltext":"exp9","width":0},{"exp1_rate":false,"dv_order":52,"labeltext":"exp1_rate","width":0},{"exp2_rate":false,"dv_order":53,"labeltext":"exp2_rate","width":0},{"exp3_rate":false,"dv_order":54,"labeltext":"exp3_rate","width":0},{"exp4_rate":false,"dv_order":55,"labeltext":"exp4_rate","width":0},{"exp5_rate":false,"dv_order":56,"labeltext":"exp5_rate","width":0},{"exp6_rate":false,"dv_order":57,"labeltext":"exp6_rate","width":0},{"exp7_rate":false,"dv_order":58,"labeltext":"exp7_rate","width":0},{"exp8_rate":false,"dv_order":59,"labeltext":"exp8_rate","width":0},{"exp9_rate":false,"dv_order":60,"labeltext":"exp9_rate","width":0},{"exp10_rate":false,"dv_order":61,"labeltext":"exp10_rate","width":0},{"rem1":false,"dv_order":62,"labeltext":"rem1","width":0},{"rem2":false,"dv_order":63,"labeltext":"rem2","width":0},{"rem3":false,"dv_order":64,"labeltext":"rem3","width":0},{"rem4":false,"dv_order":65,"labeltext":"rem4","width":0},{"transport":false,"dv_order":66,"labeltext":"transport","width":0},{"order":false,"dv_order":67,"labeltext":"order","width":0},{"order_date":false,"dv_order":68,"labeltext":"order_date","width":0},{"agent":false,"dv_order":69,"labeltext":"agent","width":0},{"broker":false,"dv_order":70,"labeltext":"broker","width":0},{"cd_rate":false,"dv_order":71,"labeltext":"cd_rate","width":0},{"cd":false,"dv_order":72,"labeltext":"cd","width":0},{"sch_rate":false,"dv_order":73,"labeltext":"sch_rate","width":0},{"scheme":false,"dv_order":74,"labeltext":"scheme","width":0},{"srv_rate":false,"dv_order":75,"labeltext":"srv_rate","width":0},{"srv_tax":false,"dv_order":76,"labeltext":"srv_tax","width":0},{"inv_tm":false,"dv_order":77,"labeltext":"inv_tm","width":0},{"rev_dt":false,"dv_order":78,"labeltext":"rev_dt","width":0},{"rem5":false,"dv_order":79,"labeltext":"rem5","width":0},{"rem6":false,"dv_order":80,"labeltext":"rem6","width":0},{"rem7":false,"dv_order":81,"labeltext":"rem7","width":0},{"rem8":false,"dv_order":82,"labeltext":"rem8","width":0},{"cvd":false,"dv_order":83,"labeltext":"cvd","width":0},{"exrate":false,"dv_order":84,"labeltext":"exrate","width":0},{"cessrate":false,"dv_order":85,"labeltext":"cessrate","width":0},{"hcrate":false,"dv_order":86,"labeltext":"hcrate","width":0},{"cvdrate":false,"dv_order":87,"labeltext":"cvdrate","width":0},{"exp_before":false,"dv_order":88,"labeltext":"exp_before","width":0},{"exp_after":false,"dv_order":89,"labeltext":"exp_after","width":0},{"tax_rate":false,"dv_order":90,"labeltext":"tax_rate","width":0},{"exp10":false,"dv_order":91,"labeltext":"exp10","width":0},{"loose":false,"dv_order":92,"labeltext":"loose","width":0},{"spec":false,"dv_order":93,"labeltext":"spec","width":0},{"pckng":false,"dv_order":94,"labeltext":"pckng","width":0},{"wf":false,"dv_order":95,"labeltext":"wf","width":0},{"wwf":false,"dv_order":96,"labeltext":"wwf","width":0},{"bill":false,"dv_order":97,"labeltext":"bill","width":0},{"stk_code":false,"dv_order":98,"labeltext":"stk_code","width":0},{"rateins":false,"dv_order":99,"labeltext":"rateins","width":0},{"srates":false,"dv_order":100,"labeltext":"srates","width":0},{"qpps":false,"dv_order":101,"labeltext":"qpps","width":0},{"tcs":false,"dv_order":102,"labeltext":"tcs","width":0},{"tcs1":false,"dv_order":103,"labeltext":"tcs1","width":0},{"tcs2":false,"dv_order":104,"labeltext":"tcs2","width":0},{"tcs_rate":false,"dv_order":105,"labeltext":"tcs_rate","width":0},{"tcs1_rate":false,"dv_order":106,"labeltext":"tcs1_rate","width":0},{"tcs2_rate":false,"dv_order":107,"labeltext":"tcs2_rate","width":0},{"saletype":false,"dv_order":108,"labeltext":"saletype","width":0},{"unit_ex":false,"dv_order":109,"labeltext":"unit_ex","width":0},{"unit_cs":false,"dv_order":110,"labeltext":"unit_cs","width":0},{"unit_hs":false,"dv_order":111,"labeltext":"unit_hs","width":0},{"unit_cv":false,"dv_order":112,"labeltext":"unit_cv","width":0},{"cd1":false,"dv_order":113,"labeltext":"cd1","width":0},{"cd1_rate":false,"dv_order":114,"labeltext":"cd1_rate","width":0},{"tariff":false,"dv_order":115,"labeltext":"tariff","width":0},{"exp1_ex":false,"dv_order":116,"labeltext":"exp1_ex","width":0},{"exp2_ex":false,"dv_order":117,"labeltext":"exp2_ex","width":0},{"weights":false,"dv_order":118,"labeltext":"weights","width":0},{"exp1_exr":false,"dv_order":119,"labeltext":"exp1_exr","width":0},{"exp2_exr":false,"dv_order":120,"labeltext":"exp2_exr","width":0},{"rem9":false,"dv_order":121,"labeltext":"rem9","width":0},{"rem10":false,"dv_order":122,"labeltext":"rem10","width":0},{"exp01":false,"dv_order":123,"labeltext":"exp01","width":0},{"exp01code":false,"dv_order":124,"labeltext":"exp01code","width":0},{"p_vbillno":false,"dv_order":125,"labeltext":"p_vbillno","width":0},{"usname":false,"dv_order":126,"labeltext":"usname","width":0},{"usrate":false,"dv_order":127,"labeltext":"usrate","width":0},{"usvamt":false,"dv_order":128,"labeltext":"usvamt","width":0},{"cardno":false,"dv_order":129,"labeltext":"cardno","width":0},{"ctax":true,"dv_order":130,"labeltext":"ctax","width":"200"},{"ctax_rate":false,"dv_order":131,"labeltext":"ctax_rate","width":0},{"stax":true,"dv_order":132,"labeltext":"stax","width":"200"},{"stax_rate":false,"dv_order":133,"labeltext":"stax_rate","width":0},{"itax":true,"dv_order":134,"labeltext":"itax","width":"200"},{"itax_rate":false,"dv_order":135,"labeltext":"itax_rate","width":0},{"valpha":false,"dv_order":136,"labeltext":"valpha","width":0},{"vno":false,"dv_order":137,"labeltext":"vno","width":0},{"vtype":false,"dv_order":138,"labeltext":"vtype","width":0},{"vamtcode":false,"dv_order":139,"labeltext":"vamtcode","width":0},{"vbillno":false,"dv_order":140,"labeltext":"vbillno","width":0},{"vbdate":false,"dv_order":141,"labeltext":"vbdate","width":0},{"excise":false,"dv_order":142,"labeltext":"excise","width":0},{"counter":false,"dv_order":143,"labeltext":"counter","width":0},{"btype":false,"dv_order":144,"labeltext":"btype","width":0},{"srno1":false,"dv_order":145,"labeltext":"srno1","width":0},{"ppcode":false,"dv_order":146,"labeltext":"ppcode","width":0},{"emcode":false,"dv_order":147,"labeltext":"emcode","width":0},{"mon":false,"dv_order":148,"labeltext":"mon","width":0},{"initial":false,"dv_order":149,"labeltext":"initial","width":0},{"vacode_ch":false,"dv_order":150,"labeltext":"vacode_ch","width":0},{"record":false,"dv_order":151,"labeltext":"record","width":0},{"vhead_ch":false,"dv_order":152,"labeltext":"vhead_ch","width":0},{"remarks":false,"dv_order":153,"labeltext":"remarks","width":0},{"tick":false,"dv_order":154,"labeltext":"tick","width":0},{"debit":false,"dv_order":155,"labeltext":"debit","width":0},{"vat":false,"dv_order":156,"labeltext":"vat","width":0},{"gr":false,"dv_order":157,"labeltext":"gr","width":0},{"rev_tm":false,"dv_order":158,"labeltext":"rev_tm","width":0},{"inv_dt":false,"dv_order":159,"labeltext":"inv_dt","width":0},{"total":false,"dv_order":160,"labeltext":"total","width":0},{"b_tpt":false,"dv_order":161,"labeltext":"b_tpt","width":0},{"sub_total":false,"dv_order":162,"labeltext":"sub_total","width":0},{"party_code":false,"dv_order":163,"labeltext":"party_code","width":0},{"tx_from":false,"dv_order":164,"labeltext":"tx_from","width":0},{"tx_upto":false,"dv_order":165,"labeltext":"tx_upto","width":0},{"tx_type":false,"dv_order":166,"labeltext":"tx_type","width":0},{"ssr":false,"dv_order":167,"labeltext":"ssr","width":0},{"vat_post":false,"dv_order":168,"labeltext":"vat_post","width":0},{"led_post":false,"dv_order":169,"labeltext":"led_post","width":0},{"ex_post":false,"dv_order":170,"labeltext":"ex_post","width":0},{"stk_post":false,"dv_order":171,"labeltext":"stk_post","width":0},{"opening":false,"dv_order":172,"labeltext":"opening","width":0},{"purr":false,"dv_order":173,"labeltext":"purr","width":0},{"sale":false,"dv_order":174,"labeltext":"sale","width":0},{"prdd":false,"dv_order":175,"labeltext":"prdd","width":0},{"issuee":false,"dv_order":176,"labeltext":"issuee","width":0},{"closing":false,"dv_order":177,"labeltext":"closing","width":0},{"purtype":false,"dv_order":178,"labeltext":"purtype","width":0},{"ahead":false,"dv_order":179,"labeltext":"ahead","width":0},{"add1":false,"dv_order":180,"labeltext":"add1","width":0},{"add2":false,"dv_order":181,"labeltext":"add2","width":0},{"city":false,"dv_order":182,"labeltext":"city","width":0},{"tin":false,"dv_order":183,"labeltext":"tin","width":0},{"phone":false,"dv_order":184,"labeltext":"phone","width":0},{"cash_name":false,"dv_order":185,"labeltext":"cash_name","width":0},{"cash_add1":false,"dv_order":186,"labeltext":"cash_add1","width":0},{"cash_city":false,"dv_order":187,"labeltext":"cash_city","width":0},{"tax0_sale":false,"dv_order":188,"labeltext":"tax0_sale","width":0},{"tax1_sale":false,"dv_order":189,"labeltext":"tax1_sale","width":0},{"p_vdate":false,"dv_order":190,"labeltext":"p_vdate","width":0},{"p_vno":false,"dv_order":191,"labeltext":"p_vno","width":0},{"p_valpha":false,"dv_order":192,"labeltext":"p_valpha","width":0},{"p_counter":false,"dv_order":193,"labeltext":"p_counter","width":0},{"user_name":false,"dv_order":194,"labeltext":"user_name","width":0},{"emistatus":false,"dv_order":195,"labeltext":"emistatus","width":0},{"p_pageno":false,"dv_order":196,"labeltext":"p_pageno","width":0},{"p_entry":false,"dv_order":197,"labeltext":"p_entry","width":0},{"taxsurr":false,"dv_order":198,"labeltext":"taxsurr","width":0},{"o_vdate":false,"dv_order":199,"labeltext":"o_vdate","width":0},{"o_vno":false,"dv_order":200,"labeltext":"o_vno","width":0},{"o_valpha":false,"dv_order":201,"labeltext":"o_valpha","width":0},{"o_counter":false,"dv_order":202,"labeltext":"o_counter","width":0},{"rem11":false,"dv_order":203,"labeltext":"rem11","width":0},{"cashrec":false,"dv_order":204,"labeltext":"cashrec","width":0},{"bank":false,"dv_order":205,"labeltext":"bank","width":0},{"bcode":false,"dv_order":206,"labeltext":"bcode","width":0},{"exp3_ex":false,"dv_order":207,"labeltext":"exp3_ex","width":0}]}},{"index":1,"Ahead":"purchase2","Form_type":"n2","Led_post":"","Vat_post":"","Ex_post":"","Serial":"","Short_name":"","Stk_post":"","Form_rtype":"","Rep_name":"","Bill_no_h":"","Salef3":"","Tick":"","Vacode":"","Rep_gst":"","cont":false,"data":{"data":[{"vacode":false,"dv_order":0,"labeltext":"vacode","width":0},{"vdate":false,"dv_order":1,"labeltext":"vdate","width":0},{"vcode":false,"dv_order":2,"labeltext":"vcode","width":0},{"vamt":false,"dv_order":3,"labeltext":"vamt","width":0},{"others":false,"dv_order":4,"labeltext":"others","width":0},{"vdesc":false,"dv_order":5,"labeltext":"vdesc","width":0},{"stype":false,"dv_order":6,"labeltext":"stype","width":0},{"freight":false,"dv_order":7,"labeltext":"freight","width":0},{"weight":false,"dv_order":8,"labeltext":"weight","width":0},{"pkgs":false,"dv_order":9,"labeltext":"pkgs","width":0},{"tax":true,"dv_order":10,"labeltext":"tax","width":"450"},{"sdisc":true,"dv_order":11,"labeltext":"sdisc","width":"100"},{"etype":true,"dv_order":12,"labeltext":"etype","width":"150"},{"exfor":true,"dv_order":13,"labeltext":"exfor","width":"200"},{"rate":false,"dv_order":14,"labeltext":"rate","width":0},{"stkcode":false,"dv_order":15,"labeltext":"stkcode","width":0},{"balance":false,"dv_order":16,"labeltext":"balance","width":0},{"conv":false,"dv_order":17,"labeltext":"conv","width":0},{"plarg":false,"dv_order":18,"labeltext":"plarg","width":0},{"entno":false,"dv_order":19,"labeltext":"entno","width":0},{"pb_wt":false,"dv_order":20,"labeltext":"pb_wt","width":0},{"freight1":false,"dv_order":21,"labeltext":"freight1","width":0},{"weighing":false,"dv_order":22,"labeltext":"weighing","width":0},{"pla":false,"dv_order":23,"labeltext":"pla","width":0},{"tds_frt":false,"dv_order":24,"labeltext":"tds_frt","width":0},{"tdsrate":false,"dv_order":25,"labeltext":"tdsrate","width":0},{"cess":false,"dv_order":26,"labeltext":"cess","width":0},{"vbillno1":false,"dv_order":27,"labeltext":"vbillno1","width":0},{"vbdate1":false,"dv_order":28,"labeltext":"vbdate1","width":0},{"vamt1":false,"dv_order":29,"labeltext":"vamt1","width":0},{"duedate":false,"dv_order":30,"labeltext":"duedate","width":0},{"cl_date":false,"dv_order":31,"labeltext":"cl_date","width":0},{"vacode1":false,"dv_order":32,"labeltext":"vacode1","width":0},{"hcess":false,"dv_order":33,"labeltext":"hcess","width":0},{"trpt":false,"dv_order":34,"labeltext":"trpt","width":0},{"weight_ch":false,"dv_order":35,"labeltext":"weight_ch","width":0},{"vamt_ch":false,"dv_order":36,"labeltext":"vamt_ch","width":0},{"vdate_ch":false,"dv_order":37,"labeltext":"vdate_ch","width":0},{"vhead":false,"dv_order":38,"labeltext":"vhead","width":0},{"credit":false,"dv_order":39,"labeltext":"credit","width":0},{"pcess":false,"dv_order":40,"labeltext":"pcess","width":0},{"tcs_cess":false,"dv_order":41,"labeltext":"tcs_cess","width":0},{"tcs_hcess":false,"dv_order":42,"labeltext":"tcs_hcess","width":0},{"exp1":false,"dv_order":43,"labeltext":"exp1","width":0},{"exp2":false,"dv_order":44,"labeltext":"exp2","width":0},{"exp3":false,"dv_order":45,"labeltext":"exp3","width":0},{"exp4":false,"dv_order":46,"labeltext":"exp4","width":0},{"exp5":false,"dv_order":47,"labeltext":"exp5","width":0},{"exp6":false,"dv_order":48,"labeltext":"exp6","width":0},{"exp7":false,"dv_order":49,"labeltext":"exp7","width":0},{"exp8":false,"dv_order":50,"labeltext":"exp8","width":0},{"exp9":false,"dv_order":51,"labeltext":"exp9","width":0},{"exp1_rate":false,"dv_order":52,"labeltext":"exp1_rate","width":0},{"exp2_rate":false,"dv_order":53,"labeltext":"exp2_rate","width":0},{"exp3_rate":false,"dv_order":54,"labeltext":"exp3_rate","width":0},{"exp4_rate":false,"dv_order":55,"labeltext":"exp4_rate","width":0},{"exp5_rate":false,"dv_order":56,"labeltext":"exp5_rate","width":0},{"exp6_rate":false,"dv_order":57,"labeltext":"exp6_rate","width":0},{"exp7_rate":false,"dv_order":58,"labeltext":"exp7_rate","width":0},{"exp8_rate":false,"dv_order":59,"labeltext":"exp8_rate","width":0},{"exp9_rate":false,"dv_order":60,"labeltext":"exp9_rate","width":0},{"exp10_rate":false,"dv_order":61,"labeltext":"exp10_rate","width":0},{"rem1":false,"dv_order":62,"labeltext":"rem1","width":0},{"rem2":false,"dv_order":63,"labeltext":"rem2","width":0},{"rem3":false,"dv_order":64,"labeltext":"rem3","width":0},{"rem4":false,"dv_order":65,"labeltext":"rem4","width":0},{"transport":false,"dv_order":66,"labeltext":"transport","width":0},{"order":false,"dv_order":67,"labeltext":"order","width":0},{"order_date":false,"dv_order":68,"labeltext":"order_date","width":0},{"agent":false,"dv_order":69,"labeltext":"agent","width":0},{"broker":false,"dv_order":70,"labeltext":"broker","width":0},{"cd_rate":false,"dv_order":71,"labeltext":"cd_rate","width":0},{"cd":false,"dv_order":72,"labeltext":"cd","width":0},{"sch_rate":false,"dv_order":73,"labeltext":"sch_rate","width":0},{"scheme":false,"dv_order":74,"labeltext":"scheme","width":0},{"srv_rate":false,"dv_order":75,"labeltext":"srv_rate","width":0},{"srv_tax":false,"dv_order":76,"labeltext":"srv_tax","width":0},{"inv_tm":false,"dv_order":77,"labeltext":"inv_tm","width":0},{"rev_dt":false,"dv_order":78,"labeltext":"rev_dt","width":0},{"rem5":false,"dv_order":79,"labeltext":"rem5","width":0},{"rem6":false,"dv_order":80,"labeltext":"rem6","width":0},{"rem7":false,"dv_order":81,"labeltext":"rem7","width":0},{"rem8":false,"dv_order":82,"labeltext":"rem8","width":0},{"cvd":false,"dv_order":83,"labeltext":"cvd","width":0},{"exrate":false,"dv_order":84,"labeltext":"exrate","width":0},{"cessrate":false,"dv_order":85,"labeltext":"cessrate","width":0},{"hcrate":false,"dv_order":86,"labeltext":"hcrate","width":0},{"cvdrate":false,"dv_order":87,"labeltext":"cvdrate","width":0},{"exp_before":false,"dv_order":88,"labeltext":"exp_before","width":0},{"exp_after":false,"dv_order":89,"labeltext":"exp_after","width":0},{"tax_rate":false,"dv_order":90,"labeltext":"tax_rate","width":0},{"exp10":false,"dv_order":91,"labeltext":"exp10","width":0},{"loose":false,"dv_order":92,"labeltext":"loose","width":0},{"spec":false,"dv_order":93,"labeltext":"spec","width":0},{"pckng":false,"dv_order":94,"labeltext":"pckng","width":0},{"wf":false,"dv_order":95,"labeltext":"wf","width":0},{"wwf":false,"dv_order":96,"labeltext":"wwf","width":0},{"bill":false,"dv_order":97,"labeltext":"bill","width":0},{"stk_code":false,"dv_order":98,"labeltext":"stk_code","width":0},{"rateins":false,"dv_order":99,"labeltext":"rateins","width":0},{"srates":false,"dv_order":100,"labeltext":"srates","width":0},{"qpps":false,"dv_order":101,"labeltext":"qpps","width":0},{"tcs":false,"dv_order":102,"labeltext":"tcs","width":0},{"tcs1":false,"dv_order":103,"labeltext":"tcs1","width":0},{"tcs2":false,"dv_order":104,"labeltext":"tcs2","width":0},{"tcs_rate":false,"dv_order":105,"labeltext":"tcs_rate","width":0},{"tcs1_rate":false,"dv_order":106,"labeltext":"tcs1_rate","width":0},{"tcs2_rate":false,"dv_order":107,"labeltext":"tcs2_rate","width":0},{"saletype":false,"dv_order":108,"labeltext":"saletype","width":0},{"unit_ex":false,"dv_order":109,"labeltext":"unit_ex","width":0},{"unit_cs":false,"dv_order":110,"labeltext":"unit_cs","width":0},{"unit_hs":false,"dv_order":111,"labeltext":"unit_hs","width":0},{"unit_cv":false,"dv_order":112,"labeltext":"unit_cv","width":0},{"cd1":false,"dv_order":113,"labeltext":"cd1","width":0},{"cd1_rate":false,"dv_order":114,"labeltext":"cd1_rate","width":0},{"tariff":false,"dv_order":115,"labeltext":"tariff","width":0},{"exp1_ex":false,"dv_order":116,"labeltext":"exp1_ex","width":0},{"exp2_ex":false,"dv_order":117,"labeltext":"exp2_ex","width":0},{"weights":false,"dv_order":118,"labeltext":"weights","width":0},{"exp1_exr":false,"dv_order":119,"labeltext":"exp1_exr","width":0},{"exp2_exr":false,"dv_order":120,"labeltext":"exp2_exr","width":0},{"rem9":false,"dv_order":121,"labeltext":"rem9","width":0},{"rem10":false,"dv_order":122,"labeltext":"rem10","width":0},{"exp01":false,"dv_order":123,"labeltext":"exp01","width":0},{"exp01code":false,"dv_order":124,"labeltext":"exp01code","width":0},{"p_vbillno":false,"dv_order":125,"labeltext":"p_vbillno","width":0},{"usname":false,"dv_order":126,"labeltext":"usname","width":0},{"usrate":false,"dv_order":127,"labeltext":"usrate","width":0},{"usvamt":false,"dv_order":128,"labeltext":"usvamt","width":0},{"cardno":false,"dv_order":129,"labeltext":"cardno","width":0},{"ctax":false,"dv_order":130,"labeltext":"ctax","width":0},{"ctax_rate":false,"dv_order":131,"labeltext":"ctax_rate","width":0},{"stax":false,"dv_order":132,"labeltext":"stax","width":0},{"stax_rate":false,"dv_order":133,"labeltext":"stax_rate","width":0},{"itax":false,"dv_order":134,"labeltext":"itax","width":0},{"itax_rate":false,"dv_order":135,"labeltext":"itax_rate","width":0},{"valpha":false,"dv_order":136,"labeltext":"valpha","width":0},{"vno":false,"dv_order":137,"labeltext":"vno","width":0},{"vtype":false,"dv_order":138,"labeltext":"vtype","width":0},{"vamtcode":false,"dv_order":139,"labeltext":"vamtcode","width":0},{"vbillno":false,"dv_order":140,"labeltext":"vbillno","width":0},{"vbdate":false,"dv_order":141,"labeltext":"vbdate","width":0},{"excise":false,"dv_order":142,"labeltext":"excise","width":0},{"counter":false,"dv_order":143,"labeltext":"counter","width":0},{"btype":false,"dv_order":144,"labeltext":"btype","width":0},{"srno1":false,"dv_order":145,"labeltext":"srno1","width":0},{"ppcode":false,"dv_order":146,"labeltext":"ppcode","width":0},{"emcode":false,"dv_order":147,"labeltext":"emcode","width":0},{"mon":false,"dv_order":148,"labeltext":"mon","width":0},{"initial":false,"dv_order":149,"labeltext":"initial","width":0},{"vacode_ch":false,"dv_order":150,"labeltext":"vacode_ch","width":0},{"record":false,"dv_order":151,"labeltext":"record","width":0},{"vhead_ch":false,"dv_order":152,"labeltext":"vhead_ch","width":0},{"remarks":false,"dv_order":153,"labeltext":"remarks","width":0},{"tick":false,"dv_order":154,"labeltext":"tick","width":0},{"debit":false,"dv_order":155,"labeltext":"debit","width":0},{"vat":false,"dv_order":156,"labeltext":"vat","width":0},{"gr":false,"dv_order":157,"labeltext":"gr","width":0},{"rev_tm":false,"dv_order":158,"labeltext":"rev_tm","width":0},{"inv_dt":false,"dv_order":159,"labeltext":"inv_dt","width":0},{"total":false,"dv_order":160,"labeltext":"total","width":0},{"b_tpt":false,"dv_order":161,"labeltext":"b_tpt","width":0},{"sub_total":false,"dv_order":162,"labeltext":"sub_total","width":0},{"party_code":false,"dv_order":163,"labeltext":"party_code","width":0},{"tx_from":false,"dv_order":164,"labeltext":"tx_from","width":0},{"tx_upto":false,"dv_order":165,"labeltext":"tx_upto","width":0},{"tx_type":false,"dv_order":166,"labeltext":"tx_type","width":0},{"ssr":false,"dv_order":167,"labeltext":"ssr","width":0},{"vat_post":false,"dv_order":168,"labeltext":"vat_post","width":0},{"led_post":false,"dv_order":169,"labeltext":"led_post","width":0},{"ex_post":false,"dv_order":170,"labeltext":"ex_post","width":0},{"stk_post":false,"dv_order":171,"labeltext":"stk_post","width":0},{"opening":false,"dv_order":172,"labeltext":"opening","width":0},{"purr":false,"dv_order":173,"labeltext":"purr","width":0},{"sale":false,"dv_order":174,"labeltext":"sale","width":0},{"prdd":false,"dv_order":175,"labeltext":"prdd","width":0},{"issuee":false,"dv_order":176,"labeltext":"issuee","width":0},{"closing":false,"dv_order":177,"labeltext":"closing","width":0},{"purtype":false,"dv_order":178,"labeltext":"purtype","width":0},{"ahead":false,"dv_order":179,"labeltext":"ahead","width":0},{"add1":false,"dv_order":180,"labeltext":"add1","width":0},{"add2":false,"dv_order":181,"labeltext":"add2","width":0},{"city":false,"dv_order":182,"labeltext":"city","width":0},{"tin":false,"dv_order":183,"labeltext":"tin","width":0},{"phone":false,"dv_order":184,"labeltext":"phone","width":0},{"cash_name":false,"dv_order":185,"labeltext":"cash_name","width":0},{"cash_add1":false,"dv_order":186,"labeltext":"cash_add1","width":0},{"cash_city":false,"dv_order":187,"labeltext":"cash_city","width":0},{"tax0_sale":false,"dv_order":188,"labeltext":"tax0_sale","width":0},{"tax1_sale":false,"dv_order":189,"labeltext":"tax1_sale","width":0},{"p_vdate":false,"dv_order":190,"labeltext":"p_vdate","width":0},{"p_vno":false,"dv_order":191,"labeltext":"p_vno","width":0},{"p_valpha":false,"dv_order":192,"labeltext":"p_valpha","width":0},{"p_counter":false,"dv_order":193,"labeltext":"p_counter","width":0},{"user_name":false,"dv_order":194,"labeltext":"user_name","width":0},{"emistatus":false,"dv_order":195,"labeltext":"emistatus","width":0},{"p_pageno":false,"dv_order":196,"labeltext":"p_pageno","width":0},{"p_entry":false,"dv_order":197,"labeltext":"p_entry","width":0},{"taxsurr":false,"dv_order":198,"labeltext":"taxsurr","width":0},{"o_vdate":false,"dv_order":199,"labeltext":"o_vdate","width":0},{"o_vno":false,"dv_order":200,"labeltext":"o_vno","width":0},{"o_valpha":false,"dv_order":201,"labeltext":"o_valpha","width":0},{"o_counter":false,"dv_order":202,"labeltext":"o_counter","width":0},{"rem11":false,"dv_order":203,"labeltext":"rem11","width":0},{"cashrec":false,"dv_order":204,"labeltext":"cashrec","width":0},{"bank":false,"dv_order":205,"labeltext":"bank","width":0},{"bcode":false,"dv_order":206,"labeltext":"bcode","width":0},{"exp3_ex":false,"dv_order":207,"labeltext":"exp3_ex","width":0}]}}]}