{"data":[{"2020-07-13":[{"voucherno":"1","tableData":[{"vacode":"","vdate":"","vcode":"","stkcode":"100000","sdisc":"Stock2","vdesc":"","stype":"","freight":"","pkgs":"20","weight":"","tax":"","rate":"50","etype":"","exfor":"","vamt":1000,"others":1400,"balance":"","conv":"","plarg":"","entno":"","pb_wt":"","freight1":"","weighing":"","pla":"","tds_frt":"","tdsrate":"","cess":"","vbillno1":"","vbdate1":"","vamt1":"","duedate":"","cl_date":"","vacode1":"","hcess":"","trpt":"","weight_ch":"","vamt_ch":"","vdate_ch":"","vhead":"","credit":"","pcess":"","tcs_cess":"","tcs_hcess":"","exp1":200,"exp2":240,"exp3":280,"exp4":320,"exp5":360,"exp6":"","exp7":"","exp8":"","exp9":"","exp1_rate":"10","exp2_rate":"12","exp3_rate":"14","exp4_rate":"16","exp5_rate":"18","exp6_rate":"","exp7_rate":"","exp8_rate":"","exp9_rate":"","exp10_rate":"","rem1":"","rem2":"","rem3":"","rem4":"","transport":"","order":"","order_date":"","agent":"","broker":"","cd_rate":"","cd":"","sch_rate":"","scheme":"","srv_rate":"","srv_tax":"","inv_tm":"","rev_dt":"","rem5":"","rem6":"","rem7":"","rem8":"","cvd":"","exrate":"","cessrate":"","hcrate":"","cvdrate":"","exp_before":"","exp_after":"","tax_rate":"","exp10":"","loose":"","spec":"","pckng":"","wf":"","wwf":"","bill":"","stk_code":"","rateins":"","srates":"","qpps":"","tcs":"","tcs1":"","tcs2":"","tcs_rate":"","tcs1_rate":"","tcs2_rate":"","saletype":"","unit_ex":"","unit_cs":"","unit_hs":"","unit_cv":"","cd1":"","cd1_rate":"","tariff":"","exp1_ex":"","exp2_ex":"","weights":"","exp1_exr":"","exp2_exr":"","rem9":"","rem10":"","exp01":"","exp01code":"","p_vbillno":"","usname":"","usrate":"","usvamt":"","cardno":"","ctax":120,"ctax_rate":"","stax":120,"stax_rate":"","itax":"","itax_rate":"","valpha":"","vno":"","vtype":"","vamtcode":"","vbillno":"","vbdate":"","excise":"","counter":"","btype":"","srno1":"","ppcode":"","emcode":"","mon":"","initial":"","vacode_ch":"","record":"","vhead_ch":"","remarks":"","tick":"","debit":"","vat":"","gr":"","rev_tm":"","inv_dt":"","total":"","b_tpt":"","sub_total":"","party_code":"","tx_from":"","tx_upto":"","tx_type":"","ssr":"","vat_post":"","led_post":"","ex_post":"","stk_post":"","opening":"","purr":"","sale":"","prdd":"","issuee":"","closing":"","purtype":"","ahead":"","add1":"","add2":"","city":"","tin":"","phone":"","cash_name":"","cash_add1":"","cash_city":"","tax0_sale":"","tax1_sale":"","p_vdate":"","p_vno":"","p_valpha":"","p_counter":"","user_name":"","emistatus":"","p_pageno":"","p_entry":"","taxsurr":"","tcs1_value":"","mas_totalgst":"10","originalTaxRate":"10"},{"vacode":"","vdate":"","vcode":"","stkcode":"100001","sdisc":"Stock3","vdesc":"","stype":"","freight":"","pkgs":"30","weight":"10","tax":"","rate":"66","etype":"","exfor":"","vamt":660,"others":3500,"balance":"","conv":"","plarg":"","entno":"","pb_wt":"","freight1":"","weighing":"","pla":"","tds_frt":"","tdsrate":"","cess":"","vbillno1":"","vbdate1":"","vamt1":"","duedate":"","cl_date":"","vacode1":"","hcess":"","trpt":"","weight_ch":"","vamt_ch":"","vdate_ch":"","vhead":"","credit":"","pcess":"","tcs_cess":"","tcs_hcess":"","exp1":500,"exp2":600,"exp3":700,"exp4":800,"exp5":900,"exp6":"","exp7":"","exp8":"","exp9":"","exp1_rate":"10","exp2_rate":"12","exp3_rate":"14","exp4_rate":"16","exp5_rate":"18","exp6_rate":"","exp7_rate":"","exp8_rate":"","exp9_rate":"","exp10_rate":"","rem1":"","rem2":"","rem3":"","rem4":"","transport":"","order":"","order_date":"","agent":"","broker":"","cd_rate":"","cd":"","sch_rate":"","scheme":"","srv_rate":"","srv_tax":"","inv_tm":"","rev_dt":"","rem5":"","rem6":"","rem7":"","rem8":"","cvd":"","exrate":"","cessrate":"","hcrate":"","cvdrate":"","exp_before":"","exp_after":"","tax_rate":"","exp10":"","loose":"","spec":"","pckng":"","wf":"","wwf":"","bill":"","stk_code":"","rateins":"","srates":"","qpps":"","tcs":"","tcs1":"","tcs2":"","tcs_rate":"","tcs1_rate":"","tcs2_rate":"","saletype":"","unit_ex":"","unit_cs":"","unit_hs":"","unit_cv":"","cd1":"","cd1_rate":"","tariff":"","exp1_ex":"","exp2_ex":"","weights":"","exp1_exr":"","exp2_exr":"","rem9":"","rem10":"","exp01":"","exp01code":"","p_vbillno":"","usname":"","usrate":"","usvamt":"","cardno":"","ctax":1372.8,"ctax_rate":"","stax":1372.8,"stax_rate":"","itax":"","itax_rate":"","valpha":"","vno":"","vtype":"","vamtcode":"","vbillno":"","vbdate":"","excise":"","counter":"","btype":"","srno1":"","ppcode":"","emcode":"","mon":"","initial":"","vacode_ch":"","record":"","vhead_ch":"","remarks":"","tick":"","debit":"","vat":"","gr":"","rev_tm":"","inv_dt":"","total":"","b_tpt":"","sub_total":"","party_code":"","tx_from":"","tx_upto":"","tx_type":"","ssr":"","vat_post":"","led_post":"","ex_post":"","stk_post":"","opening":"","purr":"","sale":"","prdd":"","issuee":"","closing":"","purtype":"","ahead":"","add1":"","add2":"","city":"","tin":"","phone":"","cash_name":"","cash_add1":"","cash_city":"","tax0_sale":"","tax1_sale":"","p_vdate":"","p_vno":"","p_valpha":"","p_counter":"","user_name":"","emistatus":"","p_pageno":"","p_entry":"","taxsurr":"","tcs1_value":"","mas_totalgst":"66","originalTaxRate":"66"}],"data":{"purchase1b_supplier":"A & A Rise Genral Mill","purchase1b_city":"Maler Kotla","purchase1b_gstno":"","purchase1b_billno":"","purchase1b_billdate":"","purchase1b_terms":"","purchase1b_taxtype":"state non taxable","purchase1b_selfinv":"PUNJAB","purchase1b_billcash":"","purchase1b_gstr2astatus":"","purchase1b_transport":"","purchase1b_broker":"","purchase1b_inputdt":"","purchase1b_duedate":"","purchase1b_grno":"","purchase1b_vehicle":"","purchase1b_totalgst":"","purchase1b_adjustadvancers":"","purchase1b_cess1":"","purchase1b_cess2":"","purchase1b_subtotal":1660,"purchase1b_addless":4900,"purchase1b_cgst":337.8,"purchase1b_sgst":337.8,"purchase1b_igst":0,"purchase1b_expenses":"","purchase1b_grandtotal":7235.6,"expense1_1":"10","expense1_2":500,"expense1_3":"12","expense1_4":600,"expense1_5":"14","expense1_6":700,"expense1_7":"16","expense1_8":800,"expense1_9":"18","expense1_10":900,"expense1_11":"","expense1_12":"","expense2_1":"","expense2_2":"","expense2_3":"","expense2_4":"","expense2_5":"","expense2_6":"","expense2_7":"","expense2_8":"","expense2_9":"","expense2_10":"","expense2_11":"","expense2_12":"","expense2_13":"","expense2_14":"","man_supplier":"","man_billno":"","man_billdate":"","man_weight":"","man_pageno":"","man_rate":"","man_entryno":"","man_assvalue":"","man_impgoods":"","man_bed1":"","man_bed2":"","man_cess1":"","man_cess2":"","man_hcess1":"","man_hcess2":"","man_aduty1":"","man_aduty2":"","man_vatcst1":"","man_vatcst2":""}},{"voucherno":"2","tableData":[{"vacode":"","vdate":"","vcode":"","stkcode":"100001","sdisc":"Stock3","vdesc":"","stype":"","freight":"","pkgs":"30","weight":"","tax":"","rate":"66","etype":"","exfor":"","vamt":1980,"others":2100,"balance":"","conv":"","plarg":"","entno":"","pb_wt":"","freight1":"","weighing":"","pla":"","tds_frt":"","tdsrate":"","cess":"","vbillno1":"","vbdate1":"","vamt1":"","duedate":"","cl_date":"","vacode1":"","hcess":"","trpt":"","weight_ch":"","vamt_ch":"","vdate_ch":"","vhead":"","credit":"","pcess":"","tcs_cess":"","tcs_hcess":"","exp1":300,"exp2":360,"exp3":420,"exp4":480,"exp5":540,"exp6":"","exp7":"","exp8":"","exp9":"","exp1_rate":"10","exp2_rate":"12","exp3_rate":"14","exp4_rate":"16","exp5_rate":"18","exp6_rate":"","exp7_rate":"","exp8_rate":"","exp9_rate":"","exp10_rate":"","rem1":"","rem2":"","rem3":"","rem4":"","transport":"","order":"","order_date":"","agent":"","broker":"","cd_rate":"","cd":"","sch_rate":"","scheme":"","srv_rate":"","srv_tax":"","inv_tm":"","rev_dt":"","rem5":"","rem6":"","rem7":"","rem8":"","cvd":"","exrate":"","cessrate":"","hcrate":"","cvdrate":"","exp_before":"","exp_after":"","tax_rate":"","exp10":"","loose":"","spec":"","pckng":"","wf":"","wwf":"","bill":"","stk_code":"","rateins":"","srates":"","qpps":"","tcs":"","tcs1":"","tcs2":"","tcs_rate":"","tcs1_rate":"","tcs2_rate":"","saletype":"","unit_ex":"","unit_cs":"","unit_hs":"","unit_cv":"","cd1":"","cd1_rate":"","tariff":"","exp1_ex":"","exp2_ex":"","weights":"","exp1_exr":"","exp2_exr":"","rem9":"","rem10":"","exp01":"","exp01code":"","p_vbillno":"","usname":"","usrate":"","usvamt":"","cardno":"","ctax":1346.4,"ctax_rate":"","stax":1346.4,"stax_rate":"","itax":"","itax_rate":"","valpha":"","vno":"","vtype":"","vamtcode":"","vbillno":"","vbdate":"","excise":"","counter":"","btype":"","srno1":"","ppcode":"","emcode":"","mon":"","initial":"","vacode_ch":"","record":"","vhead_ch":"","remarks":"","tick":"","debit":"","vat":"","gr":"","rev_tm":"","inv_dt":"","total":"","b_tpt":"","sub_total":"","party_code":"","tx_from":"","tx_upto":"","tx_type":"","ssr":"","vat_post":"","led_post":"","ex_post":"","stk_post":"","opening":"","purr":"","sale":"","prdd":"","issuee":"","closing":"","purtype":"","ahead":"","add1":"","add2":"","city":"","tin":"","phone":"","cash_name":"","cash_add1":"","cash_city":"","tax0_sale":"","tax1_sale":"","p_vdate":"","p_vno":"","p_valpha":"","p_counter":"","user_name":"","emistatus":"","p_pageno":"","p_entry":"","taxsurr":"","tcs1_value":"","mas_totalgst":"66","originalTaxRate":"66"},{"vacode":"","vdate":"","vcode":"","stkcode":"100000","sdisc":"Stock2","vdesc":"","stype":"","freight":"","pkgs":"","weight":"30","tax":"","rate":"50","etype":"","exfor":"","vamt":1500,"others":3300,"balance":"","conv":"","plarg":"","entno":"","pb_wt":"","freight1":"","weighing":"","pla":"","tds_frt":"","tdsrate":"","cess":"","vbillno1":"","vbdate1":"","vamt1":"","duedate":"","cl_date":"","vacode1":"","hcess":"","trpt":"","weight_ch":"","vamt_ch":"","vdate_ch":"","vhead":"","credit":"","pcess":"","tcs_cess":"","tcs_hcess":"","exp1":300,"exp2":1560,"exp3":420,"exp4":480,"exp5":540,"exp6":"","exp7":"","exp8":"","exp9":"","exp1_rate":"10","exp2_rate":"52","exp3_rate":"14","exp4_rate":"16","exp5_rate":"18","exp6_rate":"","exp7_rate":"","exp8_rate":"","exp9_rate":"","exp10_rate":"","rem1":"","rem2":"","rem3":"","rem4":"","transport":"","order":"","order_date":"","agent":"","broker":"","cd_rate":"","cd":"","sch_rate":"","scheme":"","srv_rate":"","srv_tax":"","inv_tm":"","rev_dt":"","rem5":"","rem6":"","rem7":"","rem8":"","cvd":"","exrate":"","cessrate":"","hcrate":"","cvdrate":"","exp_before":"","exp_after":"","tax_rate":"","exp10":"","loose":"","spec":"","pckng":"","wf":"","wwf":"","bill":"","stk_code":"","rateins":"","srates":"","qpps":"","tcs":"","tcs1":"","tcs2":"","tcs_rate":"","tcs1_rate":"","tcs2_rate":"","saletype":"","unit_ex":"","unit_cs":"","unit_hs":"","unit_cv":"","cd1":"","cd1_rate":"","tariff":"","exp1_ex":"","exp2_ex":"","weights":"","exp1_exr":"","exp2_exr":"","rem9":"","rem10":"","exp01":"","exp01code":"","p_vbillno":"","usname":"","usrate":"","usvamt":"","cardno":"","ctax":240,"ctax_rate":"","stax":240,"stax_rate":"","itax":"","itax_rate":"","valpha":"","vno":"","vtype":"","vamtcode":"","vbillno":"","vbdate":"","excise":"","counter":"","btype":"","srno1":"","ppcode":"","emcode":"","mon":"","initial":"","vacode_ch":"","record":"","vhead_ch":"","remarks":"","tick":"","debit":"","vat":"","gr":"","rev_tm":"","inv_dt":"","total":"","b_tpt":"","sub_total":"","party_code":"","tx_from":"","tx_upto":"","tx_type":"","ssr":"","vat_post":"","led_post":"","ex_post":"","stk_post":"","opening":"","purr":"","sale":"","prdd":"","issuee":"","closing":"","purtype":"","ahead":"","add1":"","add2":"","city":"","tin":"","phone":"","cash_name":"","cash_add1":"","cash_city":"","tax0_sale":"","tax1_sale":"","p_vdate":"","p_vno":"","p_valpha":"","p_counter":"","user_name":"","emistatus":"","p_pageno":"","p_entry":"","taxsurr":"","tcs1_value":"","mas_totalgst":"10","originalTaxRate":"10"}],"data":{"purchase1b_supplier":"A & A Rise Genral Mill","purchase1b_city":"Maler Kotla","purchase1b_gstno":"","purchase1b_billno":"","purchase1b_billdate":"","purchase1b_terms":"","purchase1b_taxtype":"state non eligible","purchase1b_selfinv":"PUNJAB","purchase1b_billcash":"","purchase1b_gstr2astatus":"","purchase1b_transport":"","purchase1b_broker":"","purchase1b_inputdt":"","purchase1b_duedate":"","purchase1b_grno":"","purchase1b_vehicle":"","purchase1b_totalgst":"","purchase1b_adjustadvancers":"","purchase1b_cess1":"","purchase1b_cess2":"","purchase1b_subtotal":3480,"purchase1b_addless":5400,"purchase1b_cgst":728.4,"purchase1b_sgst":728.4,"purchase1b_igst":0,"purchase1b_expenses":"","purchase1b_grandtotal":10336.8,"expense1_1":"10","expense1_2":300,"expense1_3":"52","expense1_4":1560,"expense1_5":"14","expense1_6":420,"expense1_7":"16","expense1_8":480,"expense1_9":"18","expense1_10":540,"expense1_11":"","expense1_12":"","expense2_1":"","expense2_2":"","expense2_3":"","expense2_4":"","expense2_5":"","expense2_6":"","expense2_7":"","expense2_8":"","expense2_9":"","expense2_10":"","expense2_11":"","expense2_12":"","expense2_13":"","expense2_14":"","man_supplier":"","man_billno":"","man_billdate":"","man_weight":"","man_pageno":"","man_rate":"","man_entryno":"","man_assvalue":"","man_impgoods":"","man_bed1":"","man_bed2":"","man_cess1":"","man_cess2":"","man_hcess1":"","man_hcess2":"","man_aduty1":"","man_aduty2":"","man_vatcst1":"","man_vatcst2":""}},{"voucherno":"3","tableData":[{"vacode":"","vdate":"","vcode":"","stkcode":"100000","sdisc":"Stock2","vdesc":"","stype":"","freight":"","pkgs":"1","weight":"30","tax":"","rate":"50","etype":"","exfor":"","vamt":1500,"others":70,"balance":"","conv":"","plarg":"","entno":"","pb_wt":"","freight1":"","weighing":"","pla":"","tds_frt":"","tdsrate":"","cess":"","vbillno1":"","vbdate1":"","vamt1":"","duedate":"","cl_date":"","vacode1":"","hcess":"","trpt":"","weight_ch":"","vamt_ch":"","vdate_ch":"","vhead":"","credit":"","pcess":"","tcs_cess":"","tcs_hcess":"","exp1":10,"exp2":12,"exp3":14,"exp4":16,"exp5":18,"exp6":"","exp7":"","exp8":"","exp9":"","exp1_rate":"10","exp2_rate":"12","exp3_rate":"14","exp4_rate":"16","exp5_rate":"18","exp6_rate":"","exp7_rate":"","exp8_rate":"","exp9_rate":"","exp10_rate":"","rem1":"","rem2":"","rem3":"","rem4":"","transport":"","order":"","order_date":"","agent":"","broker":"","cd_rate":"","cd":"","sch_rate":"","scheme":"","srv_rate":"","srv_tax":"","inv_tm":"","rev_dt":"","rem5":"","rem6":"","rem7":"","rem8":"","cvd":"","exrate":"","cessrate":"","hcrate":"","cvdrate":"","exp_before":"","exp_after":"","tax_rate":"","exp10":"","loose":"","spec":"","pckng":"","wf":"","wwf":"","bill":"","stk_code":"","rateins":"","srates":"","qpps":"","tcs":"","tcs1":"","tcs2":"","tcs_rate":"","tcs1_rate":"","tcs2_rate":"","saletype":"","unit_ex":"","unit_cs":"","unit_hs":"","unit_cv":"","cd1":"","cd1_rate":"","tariff":"","exp1_ex":"","exp2_ex":"","weights":"","exp1_exr":"","exp2_exr":"","rem9":"","rem10":"","exp01":"","exp01code":"","p_vbillno":"","usname":"","usrate":"","usvamt":"","cardno":"","ctax":78.5,"ctax_rate":"","stax":78.5,"stax_rate":"","itax":"","itax_rate":"","valpha":"","vno":"","vtype":"","vamtcode":"","vbillno":"","vbdate":"","excise":"","counter":"","btype":"","srno1":"","ppcode":"","emcode":"","mon":"","initial":"","vacode_ch":"","record":"","vhead_ch":"","remarks":"","tick":"","debit":"","vat":"","gr":"","rev_tm":"","inv_dt":"","total":"","b_tpt":"","sub_total":"","party_code":"","tx_from":"","tx_upto":"","tx_type":"","ssr":"","vat_post":"","led_post":"","ex_post":"","stk_post":"","opening":"","purr":"","sale":"","prdd":"","issuee":"","closing":"","purtype":"","ahead":"","add1":"","add2":"","city":"","tin":"","phone":"","cash_name":"","cash_add1":"","cash_city":"","tax0_sale":"","tax1_sale":"","p_vdate":"","p_vno":"","p_valpha":"","p_counter":"","user_name":"","emistatus":"","p_pageno":"","p_entry":"","taxsurr":"","tcs1_value":"","mas_totalgst":"10","originalTaxRate":"10"},{"vacode":"","vdate":"","vcode":"","stkcode":"100001","sdisc":"Stock3","vdesc":"","stype":"","freight":"","pkgs":"30","weight":"15","tax":"","rate":"66","etype":"","exfor":"","vamt":990,"others":2170,"balance":"","conv":"","plarg":"","entno":"","pb_wt":"","freight1":"","weighing":"","pla":"","tds_frt":"","tdsrate":"","cess":"","vbillno1":"","vbdate1":"","vamt1":"","duedate":"","cl_date":"","vacode1":"","hcess":"","trpt":"","weight_ch":"","vamt_ch":"","vdate_ch":"","vhead":"","credit":"","pcess":"","tcs_cess":"","tcs_hcess":"","exp1":310,"exp2":372,"exp3":434,"exp4":496,"exp5":558,"exp6":"","exp7":"","exp8":"","exp9":"","exp1_rate":"10","exp2_rate":"12","exp3_rate":"14","exp4_rate":"16","exp5_rate":"18","exp6_rate":"","exp7_rate":"","exp8_rate":"","exp9_rate":"","exp10_rate":"","rem1":"","rem2":"","rem3":"","rem4":"","transport":"","order":"","order_date":"","agent":"","broker":"","cd_rate":"","cd":"","sch_rate":"","scheme":"","srv_rate":"","srv_tax":"","inv_tm":"","rev_dt":"","rem5":"","rem6":"","rem7":"","rem8":"","cvd":"","exrate":"","cessrate":"","hcrate":"","cvdrate":"","exp_before":"","exp_after":"","tax_rate":"","exp10":"","loose":"","spec":"","pckng":"","wf":"","wwf":"","bill":"","stk_code":"","rateins":"","srates":"","qpps":"","tcs":"","tcs1":"","tcs2":"","tcs_rate":"","tcs1_rate":"","tcs2_rate":"","saletype":"","unit_ex":"","unit_cs":"","unit_hs":"","unit_cv":"","cd1":"","cd1_rate":"","tariff":"","exp1_ex":"","exp2_ex":"","weights":"","exp1_exr":"","exp2_exr":"","rem9":"","rem10":"","exp01":"","exp01code":"","p_vbillno":"","usname":"","usrate":"","usvamt":"","cardno":"","ctax":1042.8,"ctax_rate":"","stax":1042.8,"stax_rate":"","itax":"","itax_rate":"","valpha":"","vno":"","vtype":"","vamtcode":"","vbillno":"","vbdate":"","excise":"","counter":"","btype":"","srno1":"","ppcode":"","emcode":"","mon":"","initial":"","vacode_ch":"","record":"","vhead_ch":"","remarks":"","tick":"","debit":"","vat":"","gr":"","rev_tm":"","inv_dt":"","total":"","b_tpt":"","sub_total":"","party_code":"","tx_from":"","tx_upto":"","tx_type":"","ssr":"","vat_post":"","led_post":"","ex_post":"","stk_post":"","opening":"","purr":"","sale":"","prdd":"","issuee":"","closing":"","purtype":"","ahead":"","add1":"","add2":"","city":"","tin":"","phone":"","cash_name":"","cash_add1":"","cash_city":"","tax0_sale":"","tax1_sale":"","p_vdate":"","p_vno":"","p_valpha":"","p_counter":"","user_name":"","emistatus":"","p_pageno":"","p_entry":"","taxsurr":"","tcs1_value":"","mas_totalgst":"66","originalTaxRate":"66"}],"data":{"purchase1b_supplier":"A & A Rise Genral Mill","purchase1b_city":"Maler Kotla","purchase1b_gstno":"","purchase1b_billno":"","purchase1b_billdate":"2020-07-13","purchase1b_terms":"","purchase1b_taxtype":"state non taxable","purchase1b_selfinv":"PUNJAB","purchase1b_billcash":"bill","purchase1b_gstr2astatus":"","purchase1b_transport":"","purchase1b_broker":"","purchase1b_inputdt":"","purchase1b_duedate":"","purchase1b_grno":"","purchase1b_vehicle":"","purchase1b_totalgst":"","purchase1b_adjustadvancers":"","purchase1b_cess1":"","purchase1b_cess2":"","purchase1b_subtotal":2490,"purchase1b_addless":2240,"purchase1b_cgst":405.2,"purchase1b_sgst":405.2,"purchase1b_igst":0,"purchase1b_expenses":"","purchase1b_grandtotal":5540.4,"expense1_1":"10","expense1_2":310,"expense1_3":"12","expense1_4":372,"expense1_5":"14","expense1_6":434,"expense1_7":"16","expense1_8":496,"expense1_9":"18","expense1_10":558,"expense1_11":"","expense1_12":"","expense2_1":"","expense2_2":"","expense2_3":"","expense2_4":"","expense2_5":"","expense2_6":"","expense2_7":"","expense2_8":"","expense2_9":"","expense2_10":"","expense2_11":"","expense2_12":"","expense2_13":"","expense2_14":"","man_supplier":"","man_billno":"","man_billdate":"","man_weight":"","man_pageno":"","man_rate":"","man_entryno":"","man_assvalue":"","man_impgoods":"","man_bed1":"","man_bed2":"","man_cess1":"","man_cess2":"","man_hcess1":"","man_hcess2":"","man_aduty1":"","man_aduty2":"","man_vatcst1":"","man_vatcst2":""}}]}]}