{"data":[{"2020-05-14":[{"voucherno":"1","tableData":[{"purchase1b_productname":"2222222","purchase1b_description":"2","purchase1b_pcs":"2","purchase1b_qty":"2","purchase1b_rate":"2","purchase1b_amount":"22","purchase1b_others":"2","purchase1b_ctax":"2","purchase1b_stax":"2","purchase1b_itax":"2"}],"data":{"purchase1b_supplier":"rgsge","purchase1b_city":"egega","purchase1b_gstno":"fager","purchase1b_billno":"gjjr","purchase1b_billdate":"","purchase1b_terms":"hthth","purchase1b_taxtype":"","purchase1b_selfinv":"","purchase1b_billcash":"cashmemo","purchase1b_gstr2astatus":"","purchase1b_transport":"2","purchase1b_broker":"2","purchase1b_inputdt":"","purchase1b_duedate":"","purchase1b_grno":"2","purchase1b_vehicle":"2","purchase1b_totalgst":"2","purchase1b_adjustadvancers":"2","purchase1b_cess1":"2","purchase1b_cess2":"2","purchase1b_subtotal":"22","purchase1b_addless":"2","purchase1b_cgst":"2","purchase1b_sgst":"2","purchase1b_igst":"2","purchase1b_expenses":"2","purchase1b_grandtotal":""}}]},{"2020-05-15":[{"voucherno":"1","tableData":[{"purchase1b_productname":"3","purchase1b_description":"33","purchase1b_pcs":"3","purchase1b_qty":"3","purchase1b_rate":"3","purchase1b_amount":"3","purchase1b_others":"3","purchase1b_ctax":"3","purchase1b_stax":"33","purchase1b_itax":"3"}],"data":{"purchase1b_supplier":"asdiasuui","purchase1b_city":"","purchase1b_gstno":"3","purchase1b_billno":"3","purchase1b_billdate":"","purchase1b_terms":"33","purchase1b_taxtype":"nontaxable","purchase1b_selfinv":"3","purchase1b_billcash":"","purchase1b_gstr2astatus":"","purchase1b_transport":"3","purchase1b_broker":"3","purchase1b_inputdt":"0003-03-03","purchase1b_duedate":"0333-03-03","purchase1b_grno":"3","purchase1b_vehicle":"33","purchase1b_totalgst":"3","purchase1b_adjustadvancers":"3","purchase1b_cess1":"3","purchase1b_cess2":"3","purchase1b_subtotal":"3","purchase1b_addless":"33","purchase1b_cgst":"3","purchase1b_sgst":"3","purchase1b_igst":"33","purchase1b_expenses":"","purchase1b_grandtotal":""}},{"voucherno":"2","tableData":[{"purchase1b_productname":"asfsaf","purchase1b_description":"safsafs","purchase1b_pcs":"254526","purchase1b_qty":"986","purchase1b_rate":"96","purchase1b_amount":"06","purchase1b_others":"075","purchase1b_ctax":"87","purchase1b_stax":"587","purchase1b_itax":"98"}],"data":{"purchase1b_supplier":"asf","purchase1b_city":"safs","purchase1b_gstno":"afas","purchase1b_billno":"asfa","purchase1b_billdate":"","purchase1b_terms":"asfsa","purchase1b_taxtype":"taxfreepurchase","purchase1b_selfinv":"dfda","purchase1b_billcash":"cashmemo","purchase1b_gstr2astatus":"","purchase1b_transport":"9785","purchase1b_broker":"85","purchase1b_inputdt":"0005-07-09","purchase1b_duedate":"","purchase1b_grno":"975","purchase1b_vehicle":"95","purchase1b_totalgst":"95","purchase1b_adjustadvancers":"985","purchase1b_cess1":"98","purchase1b_cess2":"59","purchase1b_subtotal":"59","purchase1b_addless":"598","purchase1b_cgst":"598","purchase1b_sgst":"5","purchase1b_igst":"8959","purchase1b_expenses":"5","purchase1b_grandtotal":"959"}}]}]}