{"SaleCont":[{"voucherno":1,"date":"2020-07-07","salesetup_card":"","salesetup_cash":"","salesetup_docno":"","salesetup_bankname":"","salegst_custname":"","salegst_city":"","salegst_tin":"","salegst_pan":"","salegst_grno":"","salegst_terms":"","salegst_vehicle":"","salegst_latepaymentalert":"","salegst_taxtype":"","salegst_billcash":"","salegst_supply":"","salegst_shippedto":"","salegst_remarks":"","salegst_transport":"","salegst_broker":"","salegst_duedate":"","salegst_adjustadvancers":"","salegst_totalgst":"","salegst_value":1320,"salegst_addless":-10.559999999999999,"salegst_cgst":0,"salegst_sgst":0,"salegst_igst":0,"salegst_expaftergst":"","salegst_grandtotal":1309.44,"expense6_rate":"0.30","expense6_value":"","expense7_rate":"0.30","expense7_value":"","expense8_rate":"0.45","expense8_value":"","expense9_rate":"0.10","expense9_value":"","expense10_rate":"0.30","expense10_value":"","transporter_rate":"","transporter_value":"","expenseTCS2_rate":"","expenseTCS2_value":"","expenseTCSCess_rate":"","expenseTCSCess_value":"","expensesAfterTaxQty":"","tableData":[{"vacode":"","vdate":"","vcode":"","stkcode":"100001","sdisc":"Stock3","vdesc":"","stype":"","freight":"","pkgs":"","weight":"20","tax":"","rate":"66","etype":"","exfor":"","vamt":1320,"others":-10.559999999999999,"balance":"","conv":"","plarg":"","entno":"","pb_wt":"","freight1":"","weighing":"","pla":"","tds_frt":"","tdsrate":"","cess":"","vbillno1":"","vbdate1":"","vamt1":"","duedate":"","cl_date":"","vacode1":"","hcess":"","trpt":"","weight_ch":"","vamt_ch":"","vdate_ch":"","vhead":"","credit":"","pcess":"","tcs_cess":"","tcs_hcess":"","exp1":0,"exp2":0,"exp3":-13.2,"exp4":2.64,"exp5":0,"exp6":"","exp7":"","exp8":"","exp9":"","exp1_rate":"1","exp2_rate":"1","exp3_rate":"1","exp4_rate":"0.20","exp5_rate":"0.25","exp6_rate":"","exp7_rate":"","exp8_rate":"","exp9_rate":"","exp10_rate":"","rem1":"","rem2":"","rem3":"","rem4":"","transport":"","order":"","order_date":"","agent":"","broker":"","cd_rate":"","cd":"","sch_rate":"","scheme":"","srv_rate":"","srv_tax":"","inv_tm":"","rev_dt":"","rem5":"","rem6":"","rem7":"","rem8":"","cvd":"","exrate":"","cessrate":"","hcrate":"","cvdrate":"","exp_before":"","exp_after":"","tax_rate":"","exp10":"","loose":"","spec":"","pckng":"","wf":"","wwf":"","bill":"","stk_code":"","rateins":"","srates":"","qpps":"","tcs":"","tcs1":"","tcs2":"","tcs_rate":"","tcs1_rate":"","tcs2_rate":"","saletype":"","unit_ex":"","unit_cs":"","unit_hs":"","unit_cv":"","cd1":"","cd1_rate":"","tariff":"","exp1_ex":"","exp2_ex":"","weights":"","exp1_exr":"","exp2_exr":"","rem9":"","rem10":"","exp01":"","exp01code":"","p_vbillno":"","usname":"","usrate":"","usvamt":"","cardno":"","ctax":"","ctax_rate":"","stax":"","stax_rate":"","itax":432.1152,"itax_rate":"","valpha":"","vno":"","vtype":"","vamtcode":"","vbillno":"","vbdate":"","excise":"","counter":"","btype":"","srno1":"","ppcode":"","emcode":"","mon":"","initial":"","vacode_ch":"","record":"","vhead_ch":"","remarks":"","tick":"","debit":"","vat":"","gr":"","rev_tm":"","inv_dt":"","total":"","b_tpt":"","sub_total":"","party_code":"","tx_from":"","tx_upto":"","tx_type":"","ssr":"","vat_post":"","led_post":"","ex_post":"","stk_post":"","opening":"","purr":"","sale":"","prdd":"","issuee":"","closing":"","purtype":"","ahead":"","add1":"","add2":"","city":"","tin":"","phone":"","cash_name":"","cash_add1":"","cash_city":"","tax0_sale":"","tax1_sale":"","p_vdate":"","p_vno":"","p_valpha":"","p_counter":"","user_name":"","emistatus":"","p_pageno":"","p_entry":"","taxsurr":"","tcs1_value":"","mas_totalgst":"66","originalTaxRate":"66"}],"index":0},{"voucherno":3,"date":"2020-07-07","salesetup_card":"","salesetup_cash":"","salesetup_docno":"","salesetup_bankname":"","salegst_custname":"","salegst_city":"","salegst_tin":"","salegst_pan":"","salegst_grno":"","salegst_terms":"","salegst_vehicle":"","salegst_latepaymentalert":"","salegst_taxtype":"","salegst_billcash":"","salegst_supply":"","salegst_shippedto":"","salegst_remarks":"","salegst_transport":"","salegst_broker":"","salegst_duedate":"","salegst_adjustadvancers":"","salegst_totalgst":"","salegst_value":3000,"salegst_addless":-9,"salegst_cgst":0,"salegst_sgst":0,"salegst_igst":0,"salegst_expaftergst":"","salegst_grandtotal":2991,"expense6_rate":"0.30","expense6_value":"","expense7_rate":"0.30","expense7_value":"","expense8_rate":"0.45","expense8_value":"","expense9_rate":"0.10","expense9_value":"","expense10_rate":"0.30","expense10_value":"","transporter_rate":"","transporter_value":"","expenseTCS2_rate":"","expenseTCS2_value":"","expenseTCSCess_rate":"","expenseTCSCess_value":"","expensesAfterTaxQty":"","tableData":[{"vacode":"","vdate":"","vcode":"","stkcode":"100000","sdisc":"Stock2","vdesc":"","stype":"","freight":"","pkgs":"60","weight":"0","tax":"","rate":"50","etype":"","exfor":"","vamt":3000,"others":-9,"balance":"","conv":"","plarg":"","entno":"","pb_wt":"","freight1":"","weighing":"","pla":"","tds_frt":"","tdsrate":"","cess":"","vbillno1":"","vbdate1":"","vamt1":"","duedate":"","cl_date":"","vacode1":"","hcess":"","trpt":"","weight_ch":"","vamt_ch":"","vdate_ch":"","vhead":"","credit":"","pcess":"","tcs_cess":"","tcs_hcess":"","exp1":60,"exp2":-60,"exp3":-30,"exp4":6,"exp5":15,"exp6":"","exp7":"","exp8":"","exp9":"","exp1_rate":"1","exp2_rate":"1","exp3_rate":"1","exp4_rate":"0.20","exp5_rate":"0.25","exp6_rate":"","exp7_rate":"","exp8_rate":"","exp9_rate":"","exp10_rate":"","rem1":"","rem2":"","rem3":"","rem4":"","transport":"","order":"","order_date":"","agent":"","broker":"","cd_rate":"","cd":"","sch_rate":"","scheme":"","srv_rate":"","srv_tax":"","inv_tm":"","rev_dt":"","rem5":"","rem6":"","rem7":"","rem8":"","cvd":"","exrate":"","cessrate":"","hcrate":"","cvdrate":"","exp_before":"","exp_after":"","tax_rate":"","exp10":"","loose":"","spec":"","pckng":"","wf":"","wwf":"","bill":"","stk_code":"","rateins":"","srates":"","qpps":"","tcs":"","tcs1":"","tcs2":"","tcs_rate":"","tcs1_rate":"","tcs2_rate":"","saletype":"","unit_ex":"","unit_cs":"","unit_hs":"","unit_cv":"","cd1":"","cd1_rate":"","tariff":"","exp1_ex":"","exp2_ex":"","weights":"","exp1_exr":"","exp2_exr":"","rem9":"","rem10":"","exp01":"","exp01code":"","p_vbillno":"","usname":"","usrate":"","usvamt":"","cardno":"","ctax":"","ctax_rate":"","stax":"","stax_rate":"","itax":149.55,"itax_rate":"","valpha":"","vno":"","vtype":"","vamtcode":"","vbillno":"","vbdate":"","excise":"","counter":"","btype":"","srno1":"","ppcode":"","emcode":"","mon":"","initial":"","vacode_ch":"","record":"","vhead_ch":"","remarks":"","tick":"","debit":"","vat":"","gr":"","rev_tm":"","inv_dt":"","total":"","b_tpt":"","sub_total":"","party_code":"","tx_from":"","tx_upto":"","tx_type":"","ssr":"","vat_post":"","led_post":"","ex_post":"","stk_post":"","opening":"","purr":"","sale":"","prdd":"","issuee":"","closing":"","purtype":"","ahead":"","add1":"","add2":"","city":"","tin":"","phone":"","cash_name":"","cash_add1":"","cash_city":"","tax0_sale":"","tax1_sale":"","p_vdate":"","p_vno":"","p_valpha":"","p_counter":"","user_name":"","emistatus":"","p_pageno":"","p_entry":"","taxsurr":"","tcs1_value":"","mas_totalgst":"10","originalTaxRate":"10"}],"index":1}]}