{
    "sale": {
        "data": [
            {
                "Name": "State GST (RD)",
                "Tax_type": "LR",
                "Taxrate": "0.0",
                "Vatform": "",
                "Purcode": "",
                "Salecode": "",
                "GSTcode": "",
                "IGSTcode": ""
            },
            {
                "Name": "State GST (URD)",
                "Tax_type": "LT",
                "Taxrate": "10.0",
                "Vatform": "",
                "Purcode": "",
                "Salecode": "",
                "GSTcode": "",
                "IGSTcode": ""
            },
            {
                "Name": "Central GST (RD)",
                "Tax_type": "OR",
                "Taxrate": "0.0",
                "Vatform": "",
                "Purcode": "",
                "Salecode": "",
                "GSTcode": "",
                "IGSTcode": ""
            },
            {
                "Name": "Central GST (URD)",
                "Tax_type": "OT",
                "Taxrate": "18.0",
                "Vatform": "",
                "Purcode": "",
                "Salecode": "",
                "GSTcode": "",
                "IGSTcode": ""
            },
            {
                "Name": "State Tax Free",
                "Tax_type": "LN",
                "Taxrate": "0.0",
                "Vatform": "",
                "Purcode": "",
                "Salecode": "",
                "GSTcode": "",
                "IGSTcode": ""
            },
            {
                "Name": "Central Tax Free",
                "Tax_type": "ON",
                "Taxrate": "0.0",
                "Vatform": "",
                "Purcode": "",
                "Salecode": "",
                "GSTcode": "",
                "IGSTcode": ""
            },
            {
                "Name": "State Including",
                "Tax_type": "LS",
                "Taxrate": "0.0",
                "Vatform": "",
                "Purcode": "",
                "Salecode": "",
                "GSTcode": "",
                "IGSTcode": ""
            },
            {
                "Name": "Central Including",
                "Tax_type": "OS",
                "Taxrate": "0.0",
                "Vatform": "",
                "Purcode": "",
                "Salecode": "",
                "GSTcode": "",
                "IGSTcode": ""
            },
            {
                "Name": "State Export",
                "Tax_type": "LE",
                "Taxrate": "0.0",
                "Vatform": "",
                "Purcode": "",
                "Salecode": "",
                "GSTcode": "",
                "IGSTcode": ""
            },
            {
                "Name": "Central Export",
                "Tax_type": "OE",
                "Taxrate": "0.0",
                "Vatform": "",
                "Purcode": "",
                "Salecode": "",
                "GSTcode": "",
                "IGSTcode": ""
            },
            {
                "Name": "State Job Work",
                "Tax_type": "LW",
                "Taxrate": "0.0",
                "Vatform": "",
                "Purcode": "",
                "Salecode": "",
                "GSTcode": "",
                "IGSTcode": ""
            },
            {
                "Name": "Central Job Work",
                "Tax_type": "OW",
                "Taxrate": "0.0",
                "Vatform": "",
                "Purcode": "",
                "Salecode": "",
                "GSTcode": "",
                "IGSTcode": ""
            },
            {
                "Name": "Not Applicable",
                "Tax_type": "XX",
                "Taxrate": "0.0",
                "Vatform": "",
                "Purcode": "",
                "Salecode": "",
                "GSTcode": "",
                "IGSTcode": ""
            }
        ]
    },
    "purchase": {
        "data": [
            {
                "Name": "State Taxable",
                "Tax_type": "LR",
                "Taxrate": "",
                "Vatform": "",
                "Purcode": "",
                "Salecode": "",
                "GSTcode": "",
                "IGSTcode": ""
            },
            {
                "Name": "State Non Taxable",
                "Tax_type": "LT",
                "Taxrate": "",
                "Vatform": "",
                "Purcode": "",
                "Salecode": "",
                "GSTcode": "",
                "IGSTcode": ""
            },
            {
                "Name": "Central Taxable",
                "Tax_type": "OR",
                "Taxrate": "",
                "Vatform": "",
                "Purcode": "",
                "Salecode": "",
                "GSTcode": "",
                "IGSTcode": ""
            },
            {
                "Name": "Central Non Taxable",
                "Tax_type": "OT",
                "Taxrate": "",
                "Vatform": "",
                "Purcode": "",
                "Salecode": "",
                "GSTcode": "",
                "IGSTcode": ""
            },
            {
                "Name": "State Tax Free",
                "Tax_type": "LN",
                "Taxrate": "",
                "Vatform": "",
                "Purcode": "",
                "Salecode": "",
                "GSTcode": "",
                "IGSTcode": ""
            },
            {
                "Name": "Central Tax Free",
                "Tax_type": "ON",
                "Taxrate": "",
                "Vatform": "",
                "Purcode": "",
                "Salecode": "",
                "GSTcode": "",
                "IGSTcode": ""
            },
            {
                "Name": "State Non Eligible",
                "Tax_type": "LL",
                "Taxrate": "",
                "Vatform": "",
                "Purcode": "",
                "Salecode": "",
                "GSTcode": "",
                "IGSTcode": ""
            },
            {
                "Name": "Central Not Eligible",
                "Tax_type": "OL",
                "Taxrate": "",
                "Vatform": "",
                "Purcode": "",
                "Salecode": "",
                "GSTcode": "",
                "IGSTcode": ""
            },
            {
                "Name": "No Reverse Charge",
                "Tax_type": "LX",
                "Taxrate": "",
                "Vatform": "",
                "Purcode": "",
                "Salecode": "",
                "GSTcode": "",
                "IGSTcode": ""
            },
            {
                "Name": "Not Applicable",
                "Tax_type": "XX",
                "Taxrate": "",
                "Vatform": "",
                "Purcode": "",
                "Salecode": "",
                "GSTcode": "",
                "IGSTcode": ""
            },
            {
                "Name": "Import",
                "Tax_type": "OI",
                "Taxrate": "",
                "Vatform": "",
                "Purcode": "",
                "Salecode": "",
                "GSTcode": "",
                "IGSTcode": ""
            },
            {
                "Name": "Test One",
                "Tax_type": "MM",
                "Taxrate": "",
                "Vatform": "",
                "prvcode": "",
                "Newcode": "",
                "GSTcode": "",
                "IGSTcode": ""
            }
        ]
    }
}