{"data":[{"2020-05-16":[{"voucherno":"1","tableData":[{"productname":"Spain","description":"Spain","hsncode":"78","bags":"978","quantity":"9","rate":"78","amount":"9"}],"data":{"custname":"Spain","city":"Spain","GSTIN":"Spain","vehicleno":"Spain","GRNo":"Spain","Bno":"12","value":"23","kanda":"98","expbeforetax":"78","shiped":"87","gst":"868","transport":"78","expaftertax":"89","grandtotal":"486"}}]},{"2020-05-17":[{"voucherno":"1","tableData":[{"productname":"ko","description":"gyugyu","hsncode":"6565675","bags":"455","quantity":"654","rate":"5","amount":"54"}],"data":{"custname":"podisfiu","city":"iu98u","GSTIN":"iiou","vehicleno":"iou","GRNo":"uouio","Bno":"hjghj","value":"rerdt","kanda":"ertter","expbeforetax":"trrt","shiped":"rer","gst":"erew","transport":"e445q","expaftertax":"ty67tg","grandtotal":"456"}}]}]}