{"data":[{"2020-05-15":[{"voucherno":"1","tableData":[{"salegst_itemcode":"gyueti","salegst_description":"45","salegst_pcs":"454","salegst_qty":"54","salegst_rate":"5","salegst_amount":"454","salegst_others":"5","salegst_cgst":"45","salegst_sgst":"45","salegst_igst":""}],"data":{"salegst_custname":"fsdfsdf","salegst_city":"dwdw","salegst_tin":"dww","salegst_pan":"","salegst_grno":"","salegst_terms":"","salegst_vehicle":"","salegst_latepaymentalert":"","salegst_taxtype":"","salegst_billcash":"","salegst_supply":"","salegst_shippedto":"","salegst_remarks":"","salegst_transport":"","salegst_broker":"","salegst_duedate":"","salegst_adjustadvancers":"","salegst_totalgst":"","salegst_value":"","salegst_addless":"","salegst_cgst":"","salegst_sgst":"","salegst_igst":"","salegst_expaftergst":"","salegst_grandtotal":"","salegstpopup2_1":"","salegstpopup2_2":"","salegstpopup2_3":"","salegstpopup2_4":"","salegstpopup2_5":"","salegstpopup2_6":"","salegstpopup2_7":"","salegstpopup2_8":"","salegstpopup2_9":"","salegstpopup2_10":"","salegstpopup2_11":"","salegstpopup2_12":"","salegstpopup2_13":"","salegstpopup2_14":"","salegstpopup2_15":"","salegstpopup2_16":"","salegstpopup2_17":""}}]}]}