{"setupdata":{"purchase":{"date":null,"purchasesetup_color":"","purchasesetup_custname":"681","purchasesetup_terms":"98","purchasesetup_vehicleno":"1","purchasesetup_taxtype":"","purchasesetup_billcash":"","purchasesetup_duty":"8","purchasesetup_product":"889+","purchasesetup_remno1":"","purchasesetup_remno2":"","purchasesetup_remno3":"6","purchasesetup_transport":"8","purchasesetup_broker":"","purchasesetup_grnumber":"88","purchasesetup_purimportgst":"8","purchasesetup_cgstac1":"8","purchasesetup_cgstac2":"","purchasesetup_cgstac3":"44949","purchasesetup_sgstac1":"8","purchasesetup_sgstac2":"98","purchasesetup_sgstac3":"9","purchasesetup_igstac1":"19864","purchasesetup_igstac2":"9","purchasesetup_igstac3":"","purchasesetup_tcsac":"","purchasesetup_tcscessac":"61","purchasesetup_tcsrateall":"96","purchasesetup2_1_labour":"Exp1","purchasesetup_labour":"0000","purchasesetup2_1_v1":"+P","purchasesetup2_1_postage":"Exp2","purchasesetup_postage":"0001","purchasesetup2_1_v2":"-V","purchasesetup2_1_discount":"Exp3","purchasesetup_discount":"0002","purchasesetup2_1_v3":"+P","purchasesetup2_1_freight":"Exp4","purchasesetup_freight":"0003","purchasesetup2_1_v4":"+P","purchasesetup2_1_expense5":"Exp5","purchasesetup2_1_v5":"+P","purchasesetup2_1_expense6":"Exp6","purchasesetup2_1_v6":"+P","purchasesetup2_1_expense7":"Exp7","purchasesetup2_1_v7":"+P","purchasesetup2_1_expense8":"Exp8","purchasesetup2_1_v8":"+P","purchasesetup2_1_expense9":"Exp9","purchasesetup2_1_v9":"+P","purchasesetup_expense9":"0009","purchasesetup2_1_expense10":"Exp10","purchasesetup2_1_v10":"+P","purchasesetup_expense10":"0010","purchasesetup_csta":"46","purchasesetup_comm":"41","purchasesetup_others":"6","purchasesetup_expense5":"0004","purchasesetup_expense6":"0006","purchasesetup_expense7":"0007","purchasesetup_expense8":"0008","purchasesetup_v1":"10","purchasesetup_v2":"12","purchasesetup_v3":"14","purchasesetup_v4":"16","purchasesetup_v5":"18","purchasesetup_v6":"20","purchasesetup_v7":"22","purchasesetup_v8":"24","purchasesetup_v9":"26","purchasesetup_v10":"28","purchasesetup_disableinvtime":"6","purchasesetup_disablerevtime":"86","purchasesetup_acnameinled":"6","purchasesetup_remarkspost":"6666","purchasesetup_showwindowexpbeforetax":"41","purchasesetup_showwindowexpafterttax":"656","purchasesetup_itemnameinled":"51","purchasesetup_extraremarks":"614","purchasesetup_roundoff":"","purchasesetup_taxroundoff":"no","purchasesetup_displayitem":"","purchasesetup_defaultbutton":"","purchasesetup_lowsale":"","purchasesetup_rate":"a413","purchasesetup_bag":"51","purchasesetup_qty":"635","purchasesetup_displayhsncode":"","purchasesetup_tdsoptions":"","purchasesetup_focusaftersave":"531"},"sale":{"salesetup_displayCashCard":"yes","salesetup_color":"schemeno1","salesetup_custname":"sqs","salesetup_terms":"454","salesetup_vehicleno":"s4554","salesetup_taxtype":"exemptedsale","salesetup_expense10":"102115","salesetup_billcash":"cashmemo","salesetup_duty":"45","salesetup_product":"454","salesetup_remno1":"55","salesetup_remno2":"54","salesetup_remno3":"45","salesetup_transport":"45","salesetup_broker":"54","salesetup_grnumber":"4554","salesetup_v10":"0.30","salesetup_postage":"101805","salesetup_discount":"102385","salesetup_tcsontax":"amt","salesetup_cgstac1":"54","salesetup_sgstac1":"54","salesetup_igstac1":"54","salesetup_labour":"100864","salesetup_expense9":"8989","salesetup_cesscode":"54","salesetup_tcscessac":"45","salesetup_tcsrateall":"5","salesetup_freight":"102053","salesetup_v9":"0.10","salesetup_tdsac":"45","salesetup_expense5":"898","salesetup_expense6":"8","salesetup_expense7":"101640","salesetup_expense8":"89","salesetup_v1":"1","salesetup_v2":"1","salesetup_v3":"1","salesetup_v4":"0.20","salesetup_v5":"0.25","salesetup_v6":"0.30","salesetup_v7":"0.30","salesetup_v8":"0.45","salesetup_disableinvtime":"9","salesetup_disablerevtime":"98","salesetup_acnameinled":"sdsdd","salesetup_remarkspost":"45","salesetup_showwindowexpbeforetax":"no","salesetup_showwindowexpafterttax":"yes","salesetup_roundoff":"no","salesetup_taxroundoff":"no","salesetup_displayitem":"no","salesetup_defaultbutton":"print","salesetup_lowsale":"yes","salesetup_bag":"454","salesetup_displayhsncode":"yes","purchasesetup2_1_labour":"postage","purchasesetup2_1_v1":"+P","purchasesetup2_1_postage":"labour","purchasesetup2_1_v2":"-P","purchasesetup2_1_discount":"discount","purchasesetup2_1_v3":"-V","purchasesetup2_1_freight":"freight","purchasesetup2_1_v4":"+V","purchasesetup2_1_expense5":"v5","purchasesetup2_1_v5":"+P","purchasesetup2_1_expense6":"v6","purchasesetup2_1_v6":"+P","purchasesetup2_1_expense7":"v7","purchasesetup2_1_v7":"+P","purchasesetup2_1_expense8":"v8","purchasesetup2_1_v8":"+P","purchasesetup2_1_expense9":"v9 ","purchasesetup2_1_v9":"+P","purchasesetup2_1_expense10":"v10"}}}