{"data":[{"2020-05-14":[{"voucherno":"1","tableData":[{"StockItemName":"tr","narration":"kpeofp","Issue":"450","receipt":""}]}]},{"2020-05-15":[{"voucherno":"1","tableData":[{"StockItemName":"ee","narration":"ee","Issue":"300","receipt":"0"},{"StockItemName":"n","narration":"mmm","Issue":"400","receipt":""},{"StockItemName":"m","narration":"ooo","Issue":"","receipt":"800"}]},{"voucherno":"2","tableData":[{"StockItemName":"Stock3","narration":"lllll","Issue":"30000","receipt":""},{"StockItemName":"u","narration":"mmmmm","Issue":"","receipt":"50"}]}]}]}