{"stock_accounts":[{"Accode":100000,"Name":"Stock2","OpStockinQty":"Shsudisuh","Box":"dfhuii","OpStockinRs":"hui","Scheme":"uh","GroupName":"ui","ExpiryDt":"uihu","PurchaseRate":"","RateCalculater":"","Less":"","ClsStockin":"","MRP":"5909","QtyinUOM":"","Less2":"","SaleRate":"50","StockCalculater":"","TotalGST":"10","TypeofGoods":"","CGST":5,"StkValuation":"","CessQty":"","QtyPerPcCase":"","SGST":5,"TariffHeading":"","Cess":"","MinStockLevel":"","PurchaseAc":"","SaleAc":"","GSTType":"","Size":"","HSNCode":"","ProductionSrNo":"","PreviousPurchase":"","UnitNo":"","PreviousSale":"","Percentage":"","SaleAcCode":"","PurchaseAcCode":"","index":0},{"Accode":100001,"Name":"Stock3","OpStockinQty":"Shsudisuh","Box":"dfhuii","OpStockinRs":"hui","Scheme":"uh","GroupName":"ui","ExpiryDt":"uihu","PurchaseRate":"66","RateCalculater":"66","Less":"66","ClsStockin":"66","MRP":"6000","QtyinUOM":"66","Less2":"66","SaleRate":"66","StockCalculater":"66","TotalGST":"66","TypeofGoods":"66","CGST":"66","StkValuation":"66","CessQty":"66","QtyPerPcCase":"12","SGST":"66","TariffHeading":"66","Cess":"66","MinStockLevel":"66","PurchaseAc":"A.H.I.Indusries","SaleAc":"A&a Rice & General Mills","GSTType":"othergoods","Size":"66","HSNCode":"","ProductionSrNo":"","PreviousPurchase":"","UnitNo":"","PreviousSale":"","Percentage":"","SaleAcCode":"","PurchaseAcCode":"","index":1},{"Accode":100002,"Name":"nnnn","OpStockinQty":"45","Box":"15","OpStockinRs":"","Scheme":"","GroupName":"","ExpiryDt":"","PurchaseRate":"","RateCalculater":"","Less":"","ClsStockin":"","MRP":"","QtyinUOM":"","Uom2":"","Less2":"","SaleRate":"","StockCalculater":"","TotalGST":"","TypeofGoods":"","CGST":"","StkValuation":"","CessQty":"","QtyPerPcCase":"","SGST":"","TariffHeading":"","Cess":"","MinStockLevel":"","PurchaseAc":"","SaleAc":"","GSTType":"","Size":"40","HSNCode":"","ProductionSrNo":"","PreviousPurchase":"","UnitNo":"","PreviousSale":"","Percentage":"","SaleAcCode":"","PurchaseAcCode":"","schemedetails_qty2":"","schemedetails_qty3":"","schemedetails_qty4":"","schemedetails_qty5":"","schemedetails_schemers1":"","schemedetails_schemers2":"","schemedetails_schemers3":"","schemedetails_schemers4":"","schemedetails_schemers5":"","schemedetails_er6type":"","schemedetails_prcode1":"","schemedetails_prcode2":"","schemedetails_prcode3":"","schemedetails_prcode4":"","schemedetails_prcode5":"","schemedetails_exp1":"","schemedetails_exp2":"","schemedetails_exp3":"","schemedetails_exp4":"","schemedetails_exp5":"","schemedetails_value1":"","schemedetails_value2":"","schemedetails_value3":"","schemedetails_value4":"","schemedetails_value5":"","schemedetails_registername":"","schemedetails_cstradingacno":"","schemedetails_acdescription":"","product_marketby2":"4","product_cropno":"45","product_rates":"","index":2},{"Accode":100003,"Name":"Stock 4","OpStockinQty":"","Box":"","OpStockinRs":"","Scheme":"","GroupName":"","ExpiryDt":"","PurchaseRate":"30","RateCalculater":"","Less":"","ClsStockin":"","MRP":"","QtyinUOM":"","Uom2":"","Less2":"","SaleRate":"","StockCalculater":"","TotalGST":"18","TypeofGoods":"","CGST":9,"StkValuation":"","CessQty":"","QtyPerPcCase":"","SGST":9,"TariffHeading":"","Cess":"","MinStockLevel":"","PurchaseAc":"A & A Rise Genral Mill","SaleAc":"A-One Electronics Store","GSTType":"","Size":"40","HSNCode":"","ProductionSrNo":"","PreviousPurchase":"","UnitNo":"","PreviousSale":"","Percentage":"","SaleAcCode":"100859","PurchaseAcCode":"101640","schemedetails_qty2":"","schemedetails_qty3":"","schemedetails_qty4":"","schemedetails_qty5":"","schemedetails_schemers1":"","schemedetails_schemers2":"","schemedetails_schemers3":"","schemedetails_schemers4":"","schemedetails_schemers5":"","schemedetails_er6type":"","schemedetails_prcode1":"","schemedetails_prcode2":"","schemedetails_prcode3":"","schemedetails_prcode4":"","schemedetails_prcode5":"","schemedetails_exp1":"","schemedetails_exp2":"","schemedetails_exp3":"","schemedetails_exp4":"","schemedetails_exp5":"","schemedetails_value1":"","schemedetails_value2":"","schemedetails_value3":"","schemedetails_value4":"","schemedetails_value5":"","schemedetails_registername":"","schemedetails_cstradingacno":"","schemedetails_acdescription":"","product_marketby2":"4","product_rates":"","index":3}]}