{
    "setupdata": {
        "ch_accode": true,
        "ch_acname": true,
        "ch_opstockqty": true,
        "ch_opstockrs": true,
        "ch_box": true,
        "ch_groupname": true,
        "ch_purchaserate": true,
        "ch_less1": true,
        "ch_mrp": true,
        "ch_less2": true,
        "ch_salerate": true,
        "ch_totalgst": true,
        "ch_cgst": true,
        "ch_cessqty": true,
        "ch_sgst": true,
        "ch_cess": true,
        "ch_purchaseac": true,
        "ch_saleac": true,
        "ch_size": false,
        "ch_hsncode": true,
        "ch_previouspurchase": true,
        "ch_previoussale": false,
        "ch_scheme": true,
        "ch_expirydt": true,
        "ch_ratecalculator": true,
        "ch_clsstockin": true,
        "ch_qtyin": true,
        "ch_uom": true,
        "ch_stockcalculator": true,
        "ch_typeofgoods": true,
        "ch_stkvaluation": true,
        "ch_qtyperpc": true,
        "ch_tariffheading": true,
        "ch_minstocklevel": true,
        "ch_maxstocklevel": true,
        "ch_gsttype": true,
        "ch_productionsrno": true,
        "ch_unitno": true,
        "ch_percentage": true,
        "ch_Manufacturer": true,
        "ch_MarketBy1": true,
        "ch_MarketBy2": true,
        "ch_cirno": true,
        "ch_CropName": true,
        "lt_accode": "A/c Code",
        "lt_acname": "Name",
        "lt_opstockqty": "Op.Stock in Qty",
        "lt_opstockrs": "Op.Stock in Rs",
        "lt_box": "Box",
        "lt_groupname": "Group Name",
        "lt_purchaserate": "Purchase Rate",
        "lt_less1": "Less%",
        "lt_mrp": "M.R.P",
        "lt_less2": "Less%",
        "lt_salerate": "Sale Rate",
        "lt_totalgst": "Total GST @",
        "lt_cgst": "C.GST @",
        "lt_cessqty": "Cess Qty",
        "lt_sgst": "S.GST @",
        "lt_cess": "Cess @",
        "lt_purchaseac": "Purchase A/c",
        "lt_saleac": "Sale A/c",
        "lt_size": "Size",
        "lt_hsncode": "HSN Code",
        "lt_previouspurchase": "Previous Purchase",
        "lt_previoussale": "Previous Sale",
        "lt_scheme": "Scheme @",
        "lt_expirydt": "Expiry Dt",
        "lt_ratecalculator": "Rate Calculator",
        "lt_clsstockin": "Cls Stock in",
        "lt_qtyin": "Qty.in",
        "lt_uom": "UOM",
        "lt_stockcalculator": "Stock Calculator",
        "lt_typeofgoods": "Type of Goods",
        "lt_stkvaluation": "Stk Valuation",
        "lt_qtyperpc": "Qty Per Pc/Case",
        "lt_tariffheading": "Tariff Heading",
        "lt_minstocklevel": "Min.Stock Level",
        "lt_maxstocklevel": "Max.Stock Level",
        "lt_gsttype": "GST Type",
        "lt_productionsrno": "Production Sr.No",
        "lt_unitno": "Unit No.",
        "lt_percentage": "Percentage",
        "lt_Manufacturer": "Manufacturer",
        "lt_MarketBy1": "Market By1",
        "lt_MarketBy2": "Market By2",
        "lt_cirno": "Cir no",
        "lt_CropName": "Crop Name",
        "dv_accode": "",
        "dv_acname": "",
        "dv_opstockqty": "",
        "dv_opstockrs": "",
        "dv_box": "",
        "dv_groupname": "",
        "dv_purchaserate": "",
        "dv_less1": "",
        "dv_mrp": "",
        "dv_less2": "",
        "dv_salerate": "",
        "dv_totalgst": "",
        "dv_cgst": "",
        "dv_cessqty": "",
        "dv_sgst": "",
        "dv_cess": "",
        "dv_purchaseac": "",
        "dv_saleac": "",
        "dv_size": "40",
        "dv_hsncode": "",
        "dv_previouspurchase": "",
        "dv_previoussale": "",
        "dv_scheme": "",
        "dv_expirydt": "",
        "dv_ratecalculator": "",
        "dv_clsstockin": "",
        "dv_qtyin": "",
        "dv_uom": "",
        "dv_stockcalculator": "",
        "dv_typeofgoods": "",
        "dv_stkvaluation": "",
        "dv_qtyperpc": "",
        "dv_tariffheading": "",
        "dv_minstocklevel": "",
        "dv_gsttype": "",
        "dv_productionsrno": "",
        "dv_unitno": "",
        "dv_percentage": "",
        "dv_MarketBy2": "4"
    }
}