{
    "taxtypeS": [
        { "text": "Vat Sale", "value": "vatsale" },
        { "text": "Out of State (R.D.)", "value": "outofstate(rd)" },
        { "text": "Retail Within Sale", "value": "retailwithinsale" },
        { "text": "Out of State (URD)", "value": "outofstate(urd)" },
        { "text": "Exempted Sale", "value": "exemptedsale" },
        { "text": "Tax Free Within State", "value": "taxfreewithinstate" },
        { "text": "Export Sale", "value": "exportsale" },
        { "text": "H Form Within State", "value": "hformwithinstate" },
        { "text": "H Form Outside State", "value": "hformoutsidestate" },
        { "text": "E1/E2 Sale", "value": "e1e2sale" },
        { "text": "Including CST", "value": "icludingcst" },
        { "text": "Consignment", "value": "consignment" },
        { "text": "Including Vat", "value": "includingvat" },
        { "text": "J & I Form", "value": "j&iform" },
        { "text": "Tax Free Interstate", "value": "taxfreeinterstate" }
      ],
      "supplyS": [
        { "text": "Manufacturing Sale", "value": "manufacturingssale" },
        { "text": "Trading Sale", "value": "tradingsale" }
      ],
      "vattypeP": [
        { "text": "Manufacturer", "value": "manufacturer" },
        { "text": "Importer", "value": "importer" },
        { "text": "1st Stage", "value": "1ststage" },
        { "text": "2nd Stage", "value": "2ndstage" }
      ],
      "taxtypeP": [
        { "text": "Taxable Purchase", "value": "taxablepurchase" },
        { "text": "Out of State", "value": "outofstate" },
        { "text": "Non Taxable", "value": "nontaxable" },
        { "text": "Exempted Purchase", "value": "exemptedpurchase" },
        { "text": "Tax Free Purchase", "value": "taxfreepurchase" },
        { "text": "Import", "value": "import" },
        { "text": "Import(Accounts)", "value": "importaccounts" },
        { "text": "Capital Goods", "value": "capitalgoods" },
        { "text": "Consignment", "value": "consignment" },
        { "text": "E1/E2 Purchase", "value": "e1e2purchase" },
        { "text": "Purchase u/s 19 & 20", "value": "purchaseus1920" },
        { "text": "H Form Within State", "value": "hformwithinstate" },
        { "text": "H Form Out of State", "value": "hformoutofstate" },
        { "text": "Not Eligible for ITC", "value": "noteligibleforitc" },
        { "text": "Not Applicable", "value": "notapplicable" },
        { "text": "Tax Free Interstate", "value": "taxfreeinterstate" },
        { "text": "NO REVERSE ITC", "value": "noreverseitc" },
        { "text": "Out of State(URD)", "value": "outofstateurd" }
      ]
}