{"data":[{"2020-05-10":[{"voucherno":"1","formdata":{"date":"2020-05-10","voucherno":1,"tdsvoucher_3":"sddsad","tdsvoucher_4":"dewfd","tdsvoucher_5":"Yes","tdsvoucher_6":"huh","tdsvoucher_7":"ihuihu","tdsvoucher_8":"hjgyuyu","tdsvoucher_9":"yugg","tdsvoucher_10":"No","tdsvoucher_11":"40000","tdsvoucher_12":"000","tdsvoucher_13":"24","tdsvoucher_14":"455","tdsvoucher_15":"4","tdsvoucher_16":"54","tdsvoucher_17":"4554","tdsvoucher_18":"54","tdsvoucher_19":"7897","tdsvoucher_20":"879","tdsvoucher_21":"97","tdsvoucher_22":"789","tdsvoucher_23":"78","tdsvoucher_24":"87","tdsvoucher_25":"89787","tdsvoucher_26":"798","tdsvoucher_27":"897","tdsvoucher_28":"897","tdsvoucher_29":"78","tdsvoucher_30":"789","tdsvoucher_31":"97","tdsvoucher_32":"897","tdsvoucher_33":"7879897","tdsvoucher_34":"89","tdsvoucher_35":"7","tdsvoucher_36":"89","tdsvoucher_37":"7","tdsvoucher_38":"98","tdsvoucher_39":"7","tdsvoucher_40":"897","tdsvoucher_41":"87","tdsvoucher_42":"7","tdsvoucher_43":"89879","tdsvoucher_44":"87","tdsvoucher_45":"789987","tdsvoucher_46":"7897","tdsvoucher_47":"Yes","tdsvoucher_48":"sdas"}}]},{"2020-05-11":[{"voucherno":"1","formdata":{"date":"2020-05-11","voucherno":1,"tdsvoucher_3":"sdaasd","tdsvoucher_4":"jh","tdsvoucher_5":"","tdsvoucher_6":"ui","tdsvoucher_7":"hguy","tdsvoucher_8":"hui","tdsvoucher_9":"uhi","tdsvoucher_10":"","tdsvoucher_11":"u","tdsvoucher_12":"uhi","tdsvoucher_13":"hu","tdsvoucher_14":"uh","tdsvoucher_15":"hui","tdsvoucher_16":"","tdsvoucher_17":"","tdsvoucher_18":"","tdsvoucher_19":"","tdsvoucher_20":"","tdsvoucher_21":"","tdsvoucher_22":"","tdsvoucher_23":"","tdsvoucher_24":"","tdsvoucher_25":"","tdsvoucher_26":"","tdsvoucher_27":"","tdsvoucher_28":"","tdsvoucher_29":"","tdsvoucher_30":"","tdsvoucher_31":"","tdsvoucher_32":"","tdsvoucher_33":"","tdsvoucher_34":"","tdsvoucher_35":"","tdsvoucher_36":"","tdsvoucher_37":"","tdsvoucher_38":"","tdsvoucher_39":"","tdsvoucher_40":"","tdsvoucher_41":"","tdsvoucher_42":"","tdsvoucher_43":"","tdsvoucher_44":"","tdsvoucher_45":"","tdsvoucher_46":"","tdsvoucher_47":"","tdsvoucher_48":""}}]}]}