{"companyprofile":[{"format":"d MMMM yyyy","companyname":"ricky","date":"2020-04-22","date2":"2020-04-30","password":"$2b$10$4mcUta26KPhJLw2pZMAoVOmteQN8MzhSVKJ.qkggEfSHKzr/53eGq","landline":"ricky","companytype":"Medicine","mobileno":"ricky","email":"ricky","address":"ricky","ownername":"ricky","city":"ricky","distt":"ricky","state":"ricky","pincode":"ricky","pancard":"ricky","tdscircle":"ricky","tdsno":"ricky","style":"ricky","commodity":"ricky","registrationno":"ricky","division":"ricky","collectorate":"ricky","range":"ricky","aadharudyog":"ricky","cinno":"ricky`","jobwork":"ricky","gstno":"ricky","gsttype":"v","filedata":""}],"userslist":[]}